date;Johnson and johnson;AstraZeneca;Pfizer;Healthcare Global;MSCI World;Tbill 1y;Tbill 7-10y;Gold ETF;Real Estate ETF;BTC-USD;Energy Sector;Oil Sector;NYSE
01/01/2020;;;;;;;;;;7200.17431640625;;;
02/01/2020;137.72927856445312;46.90519332885742;34.00086212158203;67.20972442626953;96.30870819091797;;5.249000072479248;14.710000038146973;85.055419921875;6985.47021484375;74.203369140625;13.239999771118164;14002.490234375
03/01/2020;136.13470458984375;46.625938415527344;33.81843566894531;66.71273803710938;95.49588775634766;5.1020002365112305;5.276000022888184;14.920000076293945;85.58412170410156;7344.88427734375;74.04084014892578;13.510000228881836;13917.0498046875
04/01/2020;;;;;;;;;;7410.65673828125;;;
05/01/2020;;;;;;;;;;7411.3173828125;;;
06/01/2020;135.96487426757812;46.43046188354492;33.77499771118164;67.02456665039062;96.03776550292969;5.1020002365112305;5.274499893188477;15.079999923706055;85.68614196777344;7769.21923828125;74.73602294921875;13.520000457763672;13941.7998046875
07/01/2020;136.795166015625;46.607322692871094;33.66206359863281;66.86866760253906;95.78617858886719;5.105999946594238;5.2729997634887695;15.140000343322754;84.73078918457031;8163.6923828125;74.47419738769531;13.5;13898.4501953125
08/01/2020;136.7763214111328;46.49562072753906;33.931365966796875;67.26819610595703;96.05712127685547;5.105000019073486;5.269000053405762;15.020000457763672;84.99048614501953;8079.86279296875;73.08384704589844;13.0600004196167;13934.4404296875
09/01/2020;137.1820526123047;46.616634368896484;33.7836799621582;67.54104614257812;96.6086654663086;5.105000019073486;5.244500160217285;14.930000305175781;84.94410705566406;7879.0712890625;73.5352554321289;13.050000190734863;13997.650390625
10/01/2020;136.87066650390625;46.40253829956055;34.30490493774414;67.6774673461914;96.22162628173828;5.105000019073486;5.271500110626221;15.020000457763672;85.59339904785156;8166.55419921875;72.98453521728516;12.970000267028809;13957.9697265625
11/01/2020;;;;;;;;;;8037.53759765625;;;
12/01/2020;;;;;;;;;;8192.494140625;;;
13/01/2020;137.47454833984375;46.2349853515625;34.23540496826172;67.48257446289062;96.84091186523438;5.105000019073486;5.261499881744385;14.90999984741211;86.62295532226562;8144.1943359375;73.0206527709961;12.899999618530273;14042.650390625
14/01/2020;138.24826049804688;46.709716796875;34.808746337890625;67.94058990478516;96.64736938476562;5.105000019073486;5.275000095367432;14.890000343322754;86.29833221435547;8827.7646484375;73.0657958984375;12.979999542236328;14037.1298828125
15/01/2020;138.71058654785156;47.28683853149414;35.3299674987793;68.5155258178711;96.7828369140625;5.105000019073486;5.288000106811523;14.979999542236328;87.07746124267578;8807.0107421875;72.58729553222656;12.850000381469727;14053.23046875
16/01/2020;139.83338928222656;47.01689147949219;35.2778434753418;68.78837585449219;97.55695343017578;5.105000019073486;5.276000022888184;14.960000038146973;87.77310180664062;8723.7861328125;72.6234130859375;12.90999984741211;14141.7802734375
17/01/2020;140.74864196777344;47.780181884765625;35.190982818603516;68.9248046875;97.88594818115234;5.105000019073486;5.269999980926514;14.989999771118164;87.85660552978516;8929.0380859375;72.1539306640625;12.90999984741211;14183.2001953125
18/01/2020;;;;;;;;;;8942.80859375;;;
19/01/2020;;;;;;;;;;8706.2451171875;;;
20/01/2020;;;;;;5.107999801635742;5.273499965667725;;;8657.642578125;;12.979999542236328;
21/01/2020;140.84298706054688;47.28683853149414;35.04330062866211;68.89556884765625;97.37310791015625;5.107999801635742;5.293000221252441;15.0;88.69137573242188;8745.89453125;70.59204864501953;12.920000076293945;14109.98046875
22/01/2020;139.8805694580078;46.96104431152344;34.913002014160156;69.01250457763672;97.54727935791016;5.105999946594238;5.291999816894531;15.010000228881836;88.09776306152344;8680.8759765625;69.9329833984375;12.680000305175781;14110.240234375
23/01/2020;140.14474487304688;46.72833251953125;35.36471176147461;68.68119049072266;97.46986389160156;5.10699987411499;5.316500186920166;15.050000190734863;88.83978271484375;8406.515625;69.57186126708984;12.399999618530273;14102.0400390625
24/01/2020;139.94664001464844;45.8719596862793;34.59157180786133;67.68721771240234;96.82154846191406;5.10699987411499;5.32450008392334;15.130000114440918;88.53369140625;8445.4345703125;68.72320556640625;12.140000343322754;13978.4697265625
25/01/2020;;;;;;;;;;8367.84765625;;;
26/01/2020;;;;;;;;;;8596.830078125;;;
27/01/2020;140.3523712158203;45.51823806762695;34.88693618774414;67.02456665039062;95.1668930053711;5.10699987411499;5.358500003814697;15.239999771118164;88.1070327758789;8909.8193359375;66.72796630859375;11.949999809265137;13769.599609375
28/01/2020;141.05999755859375;46.169830322265625;33.13216018676758;67.58976745605469;96.04743957519531;5.10699987411499;5.3470001220703125;15.109999656677246;88.45951843261719;9358.58984375;67.15228271484375;12.050000190734863;13877.6103515625
29/01/2020;142.04129028320312;46.225677490234375;32.645694732666016;67.54104614257812;96.07646942138672;5.10699987411499;5.355999946594238;15.1899995803833;88.13485717773438;9316.6298828125;66.43002319335938;12.079999923706055;13843.8095703125
30/01/2020;141.87142944335938;45.695098876953125;32.549564361572266;67.19023132324219;96.22162628173828;5.107999801635742;5.383999824523926;15.1899995803833;88.19979095458984;9508.9931640625;66.8543472290039;12.0;13861.919921875
31/01/2020;140.46556091308594;45.332069396972656;32.698829650878906;65.99162292480469;94.56696319580078;5.107999801635742;5.395999908447266;15.270000457763672;87.12384796142578;9350.529296875;64.88619995117188;11.770000457763672;13614.099609375
01/02/2020;;;;;;;;;;9392.875;;;
02/02/2020;;;;;;;;;;9344.365234375;;;
03/02/2020;141.6921844482422;45.155208587646484;32.93590545654297;66.47886657714844;95.07980346679688;5.109000205993652;5.388000011444092;15.180000305175781;87.411376953125;9293.521484375;64.0916976928711;11.699999809265137;13677.919921875
04/02/2020;143.0414581298828;45.387916564941406;33.093955993652344;67.57028198242188;96.7731704711914;5.109000205993652;5.364999771118164;14.970000267028809;88.31109619140625;9180.962890625;64.23615264892578;11.65999984741211;13862.83984375
05/02/2020;145.29652404785156;46.290836334228516;33.51542282104492;68.7104263305664;97.6730728149414;5.111000061035156;5.351500034332275;15.0;88.36673736572266;9613.423828125;66.70988464355469;11.899999618530273;14024.8603515625
06/02/2020;144.86248779296875;46.57008743286133;33.59444808959961;68.83709716796875;98.02141571044922;5.111000061035156;5.3445000648498535;15.079999923706055;88.6635513305664;9729.8017578125;65.9605484008789;12.050000190734863;14034.9501953125
07/02/2020;143.3150634765625;45.98366165161133;33.41006088256836;68.31088256835938;97.37310791015625;5.111000061035156;5.367000102996826;15.109999656677246;88.64500427246094;9795.943359375;65.38275146484375;11.970000267028809;13931.9296875
08/02/2020;;;;;;;;;;9865.119140625;;;
09/02/2020;;;;;;;;;;10116.673828125;;;
10/02/2020;143.2867889404297;46.45838928222656;33.19932174682617;68.62272644042969;97.8666000366211;5.111000061035156;5.381499767303467;15.149999618530273;89.63746643066406;9856.611328125;64.86811828613281;11.850000381469727;13984.48046875
11/02/2020;143.40943908691406;46.337379455566406;33.4451789855957;69.06123352050781;98.3213882446289;5.111000061035156;5.371500015258789;15.09000015258789;90.31459045410156;10208.236328125;65.54524993896484;11.90999984741211;14054.080078125
12/02/2020;142.56024169921875;46.151214599609375;33.13785934448242;69.08071899414062;98.81488800048828;5.111999988555908;5.352499961853027;15.09000015258789;90.85254669189453;10326.0546875;66.49322509765625;12.180000305175781;14136.98046875
13/02/2020;141.61669921875;45.91849899291992;32.426631927490234;68.73966217041016;98.49556732177734;5.111999988555908;5.357500076293945;15.170000076293945;91.3998031616211;10214.3798828125;66.21334075927734;12.170000076293945;14099.0400390625
14/02/2020;141.65443420410156;44.54084777832031;32.057857513427734;68.66169738769531;98.62134552001953;5.11299991607666;5.369500160217285;15.239999771118164;92.34588623046875;10312.1162109375;65.89734649658203;12.199999809265137;14097.33984375
15/02/2020;;;;;;;;;;9889.4248046875;;;
16/02/2020;;;;;;;;;;9934.43359375;;;
17/02/2020;;;;;;5.11299991607666;5.368500232696533;;;9690.142578125;;;
18/02/2020;140.7203369140625;45.713714599609375;31.891016006469727;68.47653198242188;98.34072875976562;5.113999843597412;5.388500213623047;15.4399995803833;92.24386596679688;10141.99609375;65.34662628173828;12.279999732971191;14039.009765625
19/02/2020;140.53163146972656;45.89988708496094;31.811988830566406;68.91506958007812;98.72779083251953;5.113999843597412;5.377500057220459;15.529999732971191;91.00096893310547;9633.38671875;66.22236633300781;12.449999809265137;14087.1298828125
20/02/2020;139.99378967285156;45.55546569824219;31.478328704833984;68.4570541381836;98.31170654296875;5.114999771118164;5.39900016784668;15.59000015258789;92.08617401123047;9608.4755859375;66.24043273925781;12.4399995803833;14061.48046875
21/02/2020;141.4656982421875;46.70040512084961;31.364185333251953;68.4570541381836;97.62468719482422;5.114999771118164;5.416500091552734;15.829999923706055;92.35517120361328;9686.44140625;65.32857513427734;12.300000190734863;13975.7802734375
22/02/2020;;;;;;;;;;9663.181640625;;;
23/02/2020;;;;;;;;;;9924.515625;;;
24/02/2020;138.5505828857422;44.29883575439453;30.44222068786621;66.09882354736328;94.23796844482422;5.114999771118164;5.461999893188477;15.979999542236328;91.09371185302734;9650.1748046875;62.19575881958008;11.880000114440918;13534.1201171875
25/02/2020;137.35411071777344;43.82410430908203;29.792465209960938;64.28629302978516;91.71244049072266;5.114999771118164;5.475500106811523;15.6899995803833;88.62645721435547;9341.705078125;59.460201263427734;11.640000343322754;13143.73046875
26/02/2020;136.43301391601562;44.28021240234375;30.486125946044922;64.30577850341797;91.44149780273438;5.114999771118164;5.468999862670898;15.760000228881836;87.67108154296875;8820.5224609375;57.62744903564453;11.470000267028809;13046.6201171875
27/02/2020;132.10304260253906;42.80801010131836;29.941730499267578;62.39580535888672;88.02574920654297;5.114999771118164;5.502500057220459;15.760000228881836;83.00555419921875;8784.494140625;54.41339111328125;11.15999984741211;12547.25
28/02/2020;127.69708251953125;41.601749420166016;29.344655990600586;61.43107604980469;86.76782989501953;5.11899995803833;5.557000160217285;15.180000305175781;81.0020751953125;8672.455078125;55.189823150634766;10.779999732971191;12380.9697265625
29/02/2020;;;;;;;;;;8599.5087890625;;;
01/03/2020;;;;;;;;;;8562.4541015625;;;
02/03/2020;132.95765686035156;43.56785583496094;30.626617431640625;64.0718994140625;90.21260833740234;5.122000217437744;5.587500095367432;15.270000457763672;84.46179962158203;8869.669921875;56.688514709472656;11.170000076293945;12827.990234375
03/03/2020;128.75108337402344;43.23542785644531;30.117341995239258;62.78559875488281;88.1805648803711;5.122000217437744;5.611999988555908;15.75;84.26702880859375;8787.7861328125;54.900917053222656;11.15999984741211;12542.740234375
04/03/2020;136.24314880371094;46.16084289550781;31.961259841918945;66.16703796386719;91.53826141357422;5.126999855041504;5.634500026702881;15.779999732971191;87.44847106933594;8755.24609375;56.01139450073242;11.1899995803833;13009.9599609375
05/03/2020;134.84727478027344;45.95188522338867;31.135892868041992;64.68582916259766;88.76114654541016;5.132999897003174;5.647500038146973;16.1200008392334;85.57484436035156;9078.7626953125;53.8716926574707;11.069999694824219;12593.0302734375
06/03/2020;134.86627197265625;45.135047912597656;30.749544143676758;64.24730682373047;87.37744140625;5.135000228881836;5.736999988555908;16.110000610351562;84.10005187988281;9122.5458984375;50.68471908569336;10.229999542236328;12352.0302734375
07/03/2020;;;;;;;;;;8909.9541015625;;;
08/03/2020;;;;;;;;;;8108.1162109375;;;
09/03/2020;129.5582275390625;42.95998001098633;29.643190383911133;60.83664321899414;80.13951873779297;5.129000186920166;5.784999847412109;16.15999984741211;77.6165542602539;7923.64453125;40.63624572753906;8.300000190734863;11298.4296875
10/03/2020;134.4959259033203;44.546165466308594;30.371978759765625;62.951255798339844;83.7488021850586;5.129000186920166;5.751500129699707;15.829999923706055;80.89576721191406;7909.7294921875;42.14115524291992;8.930000305175781;11793.26953125
11/03/2020;125.1522445678711;42.34260177612305;28.247085571289062;60.407875061035156;79.57829284667969;5.138999938964844;5.673999786376953;15.760000228881836;76.034912109375;7911.43017578125;39.63908386230469;8.65999984741211;11177.2900390625
12/03/2020;119.08455657958984;38.71432113647461;26.359262466430664;55.515995025634766;71.27599334716797;5.140999794006348;5.7870001792907715;15.140000343322754;68.33232116699219;4970.7880859375;34.90989303588867;8.380000114440918;10060.759765625
13/03/2020;127.51665496826172;40.15803146362305;28.721237182617188;59.20926284790039;77.05276489257812;5.099999904632568;5.627999782562256;14.670000076293945;74.29621887207031;5563.70703125;38.099342346191406;8.880000114440918;10851.740234375
14/03/2020;;;;;;;;;;5200.3662109375;;;
15/03/2020;;;;;;;;;;5392.31494140625;;;
16/03/2020;120.71780395507812;35.89337921142578;26.49974822998047;53.68397903442383;68.28600311279297;5.109000205993652;5.658999919891357;14.529999732971191;61.12517547607422;5014.47998046875;33.131858825683594;7.840000152587891;9567.5302734375
17/03/2020;129.70066833496094;38.875789642333984;28.238304138183594;56.714603424072266;72.15653228759766;5.110000133514404;5.644499778747559;14.720000267028809;64.65864562988281;5225.62939453125;33.159358978271484;7.75;10063.3603515625
18/03/2020;128.15286254882812;37.384586334228516;28.41391372680664;54.59023666381836;68.1408462524414;5.110000133514404;5.517499923706055;14.380000114440918;58.50780487060547;5238.4384765625;28.67761993408203;6.900000095367432;9384.599609375
19/03/2020;120.64183807373047;38.11594009399414;26.710485458374023;54.45381546020508;68.65369415283203;5.11899995803833;5.5289998054504395;14.119999885559082;58.713462829589844;6191.19287109375;30.53813362121582;7.449999809265137;9461.3095703125
20/03/2020;113.84297180175781;37.44157028198242;25.472423553466797;52.18328094482422;66.40878295898438;5.126999855041504;5.601500034332275;14.34000015258789;55.78759765625;6198.7783203125;30.877241134643555;7.25;9133.16015625
21/03/2020;;;;;;;;;;6185.06640625;;;
22/03/2020;;;;;;;;;;5830.2548828125;;;
23/03/2020;105.5343017578125;36.83369445800781;25.015838623046875;50.18560028076172;65.20891571044922;5.126999855041504;5.71750020980835;14.960000038146973;53.19825744628906;6416.31494140625;28.77843475341797;7.349999904632568;8777.3798828125
24/03/2020;113.16877746582031;38.83779525756836;26.078283309936523;53.65474319458008;71.14051055908203;5.129000186920166;5.6585001945495605;15.760000228881836;57.98432922363281;6734.8037109375;33.30599594116211;7.429999828338623;9658.3203125
25/03/2020;113.37769317626953;38.3533935546875;26.12218475341797;54.707176208496094;72.41779327392578;5.129000186920166;5.690000057220459;15.479999542236328;61.10649490356445;6681.06298828125;34.644100189208984;7.800000190734863;9961.3798828125
26/03/2020;120.18605041503906;40.2340202331543;27.878299713134766;57.99116897583008;76.46250915527344;5.135000228881836;5.703499794006348;15.720000267028809;65.41581726074219;6716.4404296875;36.61459732055664;7.679999828338623;10536.2802734375
27/03/2020;116.94804382324219;40.338497161865234;27.131954193115234;57.03617477416992;74.14019775390625;5.135000228881836;5.736000061035156;15.609999656677246;65.48126220703125;6469.79833984375;34.15835189819336;7.769999980926514;10187.2099609375
28/03/2020;;;;;;;;;;6242.19384765625;;;
29/03/2020;;;;;;;;;;5922.04296875;;;
30/03/2020;126.30121612548828;42.295108795166016;28.686113357543945;59.6770133972168;76.08512878417969;5.138999938964844;5.78000020980835;15.619999885559082;66.91146087646484;6429.841796875;34.46079635620117;7.800000190734863;10434.740234375
31/03/2020;124.51605987548828;42.41858673095703;28.659770965576172;59.384666442871094;75.40779113769531;5.138000011444092;5.759500026702881;15.149999618530273;65.2942886352539;6438.64453125;35.02903366088867;7.739999771118164;10301.8701171875
01/04/2020;122.31306457519531;41.58274841308594;27.878299713134766;57.21158218383789;71.99203491210938;5.144999980926514;5.793000221252441;15.3100004196167;61.00366973876953;6606.7763671875;33.39765167236328;7.400000095367432;9844.849609375
02/04/2020;126.43415832519531;41.563751220703125;28.861724853515625;58.790245056152344;73.47251892089844;5.144999980926514;5.789000034332275;15.550000190734863;61.20932388305664;6793.62451171875;36.33047866821289;7.539999961853027;10062.3701171875
03/04/2020;127.4027099609375;41.75371551513672;29.537826538085938;58.20554733276367;72.35006713867188;5.144999980926514;5.799499988555908;15.630000114440918;60.32127380371094;6733.38720703125;35.90888977050781;7.940000057220459;9880.6298828125
04/04/2020;;;;;;;;;;6867.52734375;;;
05/04/2020;;;;;;;;;;6791.12939453125;;;
06/04/2020;132.71075439453125;42.08615493774414;30.35442352294922;61.03153991699219;76.91729736328125;5.144999980926514;5.765999794006348;16.059999465942383;64.78952026367188;7271.78125;37.778560638427734;8.029999732971191;10515.240234375
07/04/2020;130.54574584960938;40.93687438964844;29.51148223876953;60.27144241333008;77.05276489257812;5.144999980926514;5.7210001945495605;15.960000038146973;65.38777160644531;7176.41455078125;38.50260925292969;8.109999656677246;10537.0400390625
08/04/2020;136.03424072265625;41.64923858642578;30.380760192871094;62.347084045410156;78.89127349853516;5.144999980926514;5.725500106811523;15.829999923706055;69.84667205810547;7334.0986328125;41.11466598510742;8.149999618530273;10902.58984375
09/04/2020;134.10662841796875;42.41858673095703;31.074426651000977;62.805084228515625;80.33304595947266;5.144000053405762;5.728000164031982;16.200000762939453;73.7634048461914;7302.08935546875;40.93136215209961;8.0600004196167;11136.6103515625
10/04/2020;;;;;;;;;;6865.4931640625;;;
11/04/2020;;;;;;;;;;6859.0830078125;;;
12/04/2020;;;;;;;;;;6971.091796875;;;
13/04/2020;132.72027587890625;44.98307418823242;30.854909896850586;62.278865814208984;79.65571594238281;;;16.540000915527344;70.65992736816406;6845.03759765625;40.81221389770508;8.489999771118164;10949.5302734375
14/04/2020;138.66452026367188;46.23683166503906;31.996383666992188;64.29603576660156;81.65870666503906;5.144000053405762;5.736499786376953;16.610000610351562;72.64165496826172;6842.427734375;40.656410217285156;8.449999809265137;11172.2001953125
15/04/2020;140.21231079101562;45.619449615478516;31.583703994750977;63.721092224121094;79.81053161621094;5.144000053405762;5.775000095367432;16.600000381469727;69.76254272460938;6642.10986328125;38.805057525634766;7.960000038146973;10843.919921875
16/04/2020;142.12091064453125;46.66424560546875;31.504669189453125;65.02690124511719;80.02340698242188;5.142000198364258;5.790500164031982;16.540000915527344;68.96797180175781;7116.80419921875;37.25615310668945;7.900000095367432;10818.0302734375
17/04/2020;144.35238647460938;47.519073486328125;32.40907287597656;66.39116668701172;82.12317657470703;5.144000053405762;5.795499801635742;16.239999771118164;71.1460189819336;7096.1845703125;41.023014068603516;7.909999847412109;11208.2900390625
18/04/2020;;;;;;;;;;7257.6650390625;;;
19/04/2020;;;;;;;;;;7189.4248046875;;;
20/04/2020;144.02005004882812;47.90849304199219;31.68028450012207;65.97213745117188;80.95233917236328;5.144000053405762;5.78249979019165;16.34000015258789;68.50059509277344;6881.95849609375;39.904869079589844;7.639999866485596;11003.8798828125
21/04/2020;142.1304168701172;47.557064056396484;31.27638053894043;64.4032211303711;78.7267837524414;5.1479997634887695;5.816500186920166;16.229999542236328;67.25733947753906;6880.3232421875;39.31830978393555;6.519999980926514;10706.4404296875
22/04/2020;145.27345275878906;47.832515716552734;31.829551696777344;65.34846496582031;80.28466796875;5.1479997634887695;5.789000034332275;16.579999923706055;68.28559112548828;7117.20751953125;40.64724349975586;6.78000020980835;10908.5595703125
23/04/2020;147.66635131835938;47.86100769042969;32.21589279174805;65.55310821533203;80.24595642089844;5.142000198364258;5.7870001792907715;16.700000762939453;67.71537780761719;7429.724609375;41.9761848449707;6.769999980926514;10916.6796875
24/04/2020;147.04916381835938;48.611358642578125;32.821754455566406;66.55682373046875;81.13619232177734;5.14300012588501;5.789999961853027;16.649999618530273;68.00515747070312;7550.90087890625;42.02200698852539;6.659999847412109;11017.900390625
25/04/2020;;;;;;;;;;7569.93603515625;;;
26/04/2020;;;;;;;;;;7679.8671875;;;
27/04/2020;146.5078887939453;48.896305084228516;33.655914306640625;67.29742431640625;82.35540771484375;5.144000053405762;5.768499851226807;16.540000915527344;70.33274841308594;7795.60107421875;42.93851852416992;6.380000114440918;11264.83984375
28/04/2020;143.75418090820312;48.41189956665039;33.28712463378906;66.27423095703125;82.40379333496094;5.144999980926514;5.78000020980835;16.440000534057617;70.91230773925781;7807.05859375;43.891693115234375;6.349999904632568;11319.7001953125
29/04/2020;142.66217041015625;48.174442291259766;33.47152328491211;66.44963836669922;84.58097076416016;5.144999980926514;5.789000034332275;16.530000686645508;71.97797393798828;8801.0380859375;47.163639068603516;6.460000038146973;11618.23046875
30/04/2020;142.47225952148438;49.65614700317383;33.682254791259766;66.06959533691406;83.56494903564453;5.144000053405762;5.796000003814697;16.25;71.1460189819336;8658.5537109375;46.311275482177734;6.809999942779541;11372.33984375
01/05/2020;140.8105010986328;49.257232666015625;33.050048828125;64.76378631591797;81.40711975097656;;5.781499862670898;16.3700008392334;68.74364471435547;8864.7666015625;43.552581787109375;6.619999885559082;11058.5703125
02/05/2020;;;;;;;;;;8988.5966796875;;;
03/05/2020;;;;;;;;;;8897.46875;;;
04/05/2020;140.79151916503906;49.72263717651367;33.03248977661133;64.94893646240234;81.5716323852539;5.144000053405762;5.78000020980835;16.420000076293945;68.4071044921875;8912.654296875;45.03733825683594;6.849999904632568;11056.2802734375
05/05/2020;141.95950317382812;50.78643035888672;33.813961029052734;66.05009460449219;82.01673889160156;5.144000053405762;5.770999908447266;16.459999084472656;68.74364471435547;9003.0703125;45.119815826416016;7.309999942779541;11135.400390625
06/05/2020;140.61111450195312;51.327823638916016;33.813961029052734;65.62132263183594;81.47486114501953;5.144000053405762;5.747000217437744;16.280000686645508;67.50971984863281;9268.76171875;43.882530212402344;7.050000190734863;10999.990234375
07/05/2020;140.14584350585938;50.09306716918945;32.794044494628906;65.6895523071289;82.54893493652344;5.144000053405762;5.77400016784668;16.530000686645508;68.47254180908203;9951.5185546875;44.890689849853516;6.909999847412109;11121.669921875
08/05/2020;141.19985961914062;50.61546325683594;33.02473831176758;66.03060913085938;84.19392395019531;5.144000053405762;;16.420000076293945;70.09906005859375;9842.666015625;46.95283889770508;7.320000171661377;11354.33984375
09/05/2020;;;;;;;;;;9593.896484375;;;
10/05/2020;;;;;;;;;;8756.4306640625;;;
11/05/2020;141.5891876220703;51.242340087890625;33.80554962158203;66.90763854980469;84.24229431152344;5.144000053405762;5.762499809265137;16.31999969482422;69.08014678955078;8601.7958984375;46.219627380371094;7.159999847412109;11281.3701171875
12/05/2020;139.7185516357422;51.39430618286133;33.14896011352539;66.13780212402344;82.66505432128906;5.144000053405762;5.758999824523926;16.389999389648438;65.93930053710938;8804.4775390625;45.37644577026367;7.03000020980835;11055.580078125
13/05/2020;139.70904541015625;52.53407669067383;32.8739013671875;65.8552017211914;81.37808990478516;5.144000053405762;5.787499904632568;16.530000686645508;64.34081268310547;9269.9873046875;43.26846694946289;6.909999847412109;10829.4404296875
14/05/2020;140.1933135986328;50.814918518066406;33.64583969116211;66.1183090209961;81.76514434814453;5.144000053405762;5.749499797821045;16.690000534057617;64.56517028808594;9733.7216796875;43.66256332397461;7.159999847412109;10927.41015625
15/05/2020;142.85208129882812;50.729434967041016;33.50387954711914;66.43014526367188;82.12317657470703;5.144000053405762;5.736000061035156;16.790000915527344;64.31278991699219;9328.197265625;43.69921875;7.400000095367432;10947.3203125
16/05/2020;;;;;;;;;;9377.013671875;;;
17/05/2020;;;;;;;;;;9670.7392578125;;;
18/05/2020;142.92803955078125;50.76742935180664;33.7789306640625;67.30717468261719;84.77449798583984;5.144000053405762;5.710999965667725;16.670000076293945;68.1173324584961;9726.5751953125;47.2094612121582;;11402.23046875
19/05/2020;141.50372314453125;50.881404876708984;33.432891845703125;66.60555267333984;83.86492156982422;5.144000053405762;5.709499835968018;16.799999237060547;67.20124053955078;9729.0380859375;45.87135314941406;7.869999885559082;11248.9697265625
20/05/2020;140.23129272460938;51.08086395263672;33.388526916503906;66.9368667602539;85.4034652709961;5.144000053405762;5.710000038146973;16.84000015258789;67.79949951171875;9522.9814453125;47.66771697998047;8.119999885559082;11420.0400390625
21/05/2020;139.31024169921875;52.505584716796875;33.06023025512695;66.29371643066406;84.6100082397461;;5.732999801635742;16.610000610351562;67.8555908203125;9081.76171875;46.94367599487305;8.220000267028809;11351.599609375
22/05/2020;138.03854370117188;52.4485969543457;33.27317810058594;66.48861694335938;84.62934875488281;5.144000053405762;5.73199987411499;16.709999084472656;68.77169036865234;9182.5771484375;46.71454620361328;8.130000114440918;11331.9697265625
23/05/2020;;;;;;;;;;9209.287109375;;;
24/05/2020;;;;;;;;;;8790.3681640625;;;
25/05/2020;;;;;;5.144000053405762;;;;8906.9345703125;;8.100000381469727;
26/05/2020;138.22019958496094;50.44449234008789;33.264305114746094;66.45938110351562;86.20658874511719;5.146999835968018;5.712500095367432;16.479999542236328;71.34232330322266;8835.052734375;48.05264663696289;8.289999961853027;11603.0
27/05/2020;138.5357208251953;49.83661651611328;33.19332504272461;66.67375946044922;87.45484161376953;5.145999908447266;5.728499889373779;16.5;72.76317596435547;9181.017578125;48.63005065917969;8.039999961853027;11837.5302734375
28/05/2020;140.52452087402344;50.814918518066406;33.87653350830078;67.74568939208984;87.61934661865234;5.145999908447266;5.7195000648498535;16.540000915527344;73.10906219482422;9525.7509765625;47.301116943359375;8.119999885559082;11804.91015625
29/05/2020;142.22647094726562;51.85970687866211;33.88540267944336;68.4083251953125;87.76448822021484;5.14300012588501;5.732999801635742;16.68000030517578;72.37992095947266;9439.1240234375;47.081153869628906;8.390000343322754;11802.9501953125
30/05/2020;;;;;;;;;;9700.4140625;;;
31/05/2020;;;;;;;;;;9461.05859375;;;
01/06/2020;140.73487854003906;52.39160919189453;31.463119506835938;68.22319030761719;88.69342041015625;;5.72599983215332;16.760000228881836;74.05317687988281;10167.2685546875;47.93350601196289;8.5;11900.240234375
02/06/2020;141.74839782714844;51.973690032958984;32.0842170715332;68.37909698486328;89.48688507080078;5.14300012588501;5.729000091552734;16.6299991607666;74.65143585205078;9529.8037109375;49.2532844543457;8.739999771118164;12046.41015625
03/06/2020;142.13084411621094;52.2396354675293;32.0842170715332;68.38883972167969;90.9093017578125;5.144000053405762;5.691999912261963;16.329999923706055;77.04447174072266;9656.7177734375;50.76552200317383;8.779999732971191;12302.1904296875
04/06/2020;140.29505920410156;51.16634750366211;31.95112419128418;67.8431396484375;90.56095123291016;5.144999980926514;5.677499771118164;16.520000457763672;76.27794647216797;9800.63671875;50.893829345703125;8.829999923706055;12286.98046875
05/06/2020;140.8400421142578;51.14735412597656;31.933380126953125;68.67144775390625;92.63170623779297;5.144999980926514;5.624000072479248;16.170000076293945;79.16641998291016;9665.533203125;54.87149429321289;9.220000267028809;12641.4404296875
06/06/2020;;;;;;;;;;9653.6796875;;;
07/06/2020;;;;;;;;;;9758.8525390625;;;
08/06/2020;140.3332977294922;49.941097259521484;32.465755462646484;69.00276184082031;93.76383209228516;5.144999980926514;5.651500225067139;16.34000015258789;81.12944030761719;9771.4892578125;57.804325103759766;9.0;12836.599609375
09/06/2020;139.558837890625;50.08356475830078;32.12858581542969;68.4570541381836;92.89295196533203;5.144999980926514;5.668499946594238;16.5;79.78337097167969;9795.7001953125;55.5130500793457;9.100000381469727;12619.51953125
10/06/2020;141.31813049316406;50.94789505004883;31.87126922607422;68.65194702148438;92.55427551269531;5.144000053405762;5.689000129699707;16.719999313354492;77.7549057006836;9870.0947265625;52.56188201904297;9.140000343322754;12449.2197265625
11/06/2020;134.69204711914062;48.98178482055664;29.546585083007812;65.22178649902344;87.30003356933594;5.144000053405762;5.730500221252441;16.6200008392334;72.76317596435547;9321.78125;47.52107620239258;8.539999961853027;11659.169921875
12/06/2020;135.91592407226562;48.88680648803711;29.945865631103516;65.65055847167969;88.567626953125;5.144000053405762;5.7245001792907715;16.670000076293945;75.37120819091797;9480.84375;48.85001754760742;8.630000114440918;11867.169921875
13/06/2020;;;;;;;;;;9475.27734375;;;
14/06/2020;;;;;;;;;;9386.7880859375;;;
15/06/2020;135.0553741455078;49.998085021972656;29.59981918334961;66.01792907714844;89.2801742553711;5.144000053405762;5.723999977111816;16.6200008392334;76.4368667602539;9450.7021484375;49.1524658203125;8.800000190734863;11942.91015625
16/06/2020;138.12461853027344;50.89091110229492;29.635313034057617;67.42256164550781;90.76590728759766;5.144000053405762;5.700500011444092;16.600000381469727;77.94184875488281;9538.0244140625;50.435577392578125;9.0;12161.4697265625
17/06/2020;137.70387268066406;51.194847106933594;29.77727699279785;67.75654602050781;90.67793273925781;5.144000053405762;5.704999923706055;16.6299991607666;76.81077575683594;9480.2548828125;48.71254348754883;8.859999656677246;12086.490234375
18/06/2020;137.12066650390625;50.01708221435547;29.49334716796875;67.46185302734375;90.60951232910156;5.144000053405762;5.7230000495910645;16.610000610351562;75.96946716308594;9411.8408203125;49.19828796386719;9.020000457763672;12072.58984375
19/06/2020;137.52224731445312;50.3590087890625;29.653060913085938;68.01192474365234;90.1501235961914;5.144000053405762;5.7179999351501465;16.790000915527344;74.8664321899414;9288.0185546875;48.446754455566406;9.100000381469727;11980.1201171875
20/06/2020;;;;;;;;;;9332.3408203125;;;
21/06/2020;;;;;;;;;;9303.6298828125;;;
22/06/2020;137.10153198242188;50.738929748535156;29.37799835205078;68.05121612548828;90.89297485351562;5.144000053405762;5.728000164031982;16.8799991607666;74.79165649414062;9648.7177734375;48.597049713134766;9.239999771118164;12028.91015625
23/06/2020;136.59478759765625;51.527278900146484;29.076322555541992;68.3753662109375;91.29373168945312;5.145999908447266;5.71150016784668;17.030000686645508;74.4831771850586;9629.658203125;48.55994415283203;9.180000305175781;12077.740234375
24/06/2020;133.68809509277344;49.51367950439453;28.561697006225586;66.67604064941406;88.93807220458984;5.145999908447266;5.724999904632568;17.0;72.36123657226562;9313.6103515625;45.81371307373047;8.890000343322754;11726.5400390625
25/06/2020;133.54466247558594;50.349510192871094;28.677043914794922;67.34397888183594;90.06214141845703;5.145999908447266;5.733500003814697;16.959999084472656;73.28543853759766;9264.8134765625;46.66727066040039;9.029999732971191;11865.1103515625
26/06/2020;131.7662353515625;50.05506896972656;28.428606033325195;66.53852844238281;88.12679290771484;5.145999908447266;5.744500160217285;17.040000915527344;71.87882995605469;9162.91796875;45.034385681152344;8.920000076293945;11604.4296875
27/06/2020;;;;;;;;;;9045.390625;;;
28/06/2020;;;;;;;;;;9143.58203125;;;
29/06/2020;132.94227600097656;50.2545280456543;28.96097755432129;66.85284423828125;89.19221496582031;5.145999908447266;5.749000072479248;17.059999465942383;73.26655578613281;9190.8544921875;45.6652717590332;9.15999984741211;11777.080078125
30/06/2020;134.4626007080078;50.23553466796875;29.014211654663086;67.5600814819336;90.06214141845703;5.144999980926514;5.747000217437744;17.139999389648438;74.13507080078125;9137.9931640625;46.66727066040039;9.029999732971191;11893.7802734375
01/07/2020;134.22354125976562;50.643951416015625;29.93699073791504;67.92352294921875;90.57042694091797;5.144999980926514;5.732999801635742;17.049999237060547;75.84378051757812;9228.3251953125;45.54466247558594;;11901.5498046875
02/07/2020;134.7876739501953;51.09986114501953;30.62019920349121;68.38518524169922;91.254638671875;5.144999980926514;5.735000133514404;17.079999923706055;75.62664031982422;9123.41015625;46.1106071472168;9.1899995803833;11991.51953125
03/07/2020;;;;;;5.144999980926514;5.73799991607666;;;9087.3037109375;;9.239999771118164;
04/07/2020;;;;;;;;;;9132.48828125;;;
05/07/2020;;;;;;;;;;9073.9423828125;;;
06/07/2020;136.70950317382812;51.38480758666992;30.62019920349121;69.08259582519531;92.66215515136719;5.144999980926514;5.723499774932861;17.190000534057617;75.58888244628906;9375.474609375;46.32399368286133;9.319999694824219;12160.009765625
07/07/2020;136.58522033691406;50.78643035888672;30.194305419921875;68.44412231445312;91.69448852539062;5.144999980926514;5.731500148773193;17.299999237060547;74.0878677368164;9252.27734375;44.96015930175781;9.319999694824219;11990.1396484375
08/07/2020;136.98680114746094;51.47028732299805;29.945865631103516;68.53252410888672;92.4764404296875;5.144999980926514;5.738999843597412;17.40999984741211;73.98402404785156;9428.3330078125;44.93232727050781;9.4399995803833;12086.3896484375
09/07/2020;136.24098205566406;51.261329650878906;29.688547134399414;68.0217514038086;91.86065673828125;5.144999980926514;5.754000186920166;17.3700008392334;73.52143859863281;9277.9677734375;42.79843521118164;9.319999694824219;11928.6298828125
10/07/2020;136.1262664794922;51.06187057495117;30.016849517822266;68.03157043457031;92.78923034667969;5.144999980926514;5.756999969482422;17.31999969482422;73.74801635742188;9278.8076171875;44.106605529785156;9.449999809265137;12075.580078125
11/07/2020;;;;;;;;;;9240.3466796875;;;
12/07/2020;;;;;;;;;;9276.5;;;
13/07/2020;138.84173583984375;50.567970275878906;31.241296768188477;68.12979888916016;91.95838928222656;5.144999980926514;5.738999843597412;17.329999923706055;72.87007141113281;9243.6142578125;43.73548889160156;9.300000190734863;12014.669921875
14/07/2020;141.43289184570312;51.27082824707031;31.25904655456543;69.2201156616211;93.22908020019531;5.144999980926514;5.757500171661377;17.43000030517578;73.48368072509766;9243.2138671875;45.31271743774414;9.399999618530273;12014.669921875
15/07/2020;141.75794982910156;55.08907699584961;31.693805694580078;70.17291259765625;94.2065200805664;5.144999980926514;5.75;17.43000030517578;74.2011489868164;9192.8369140625;46.35182571411133;9.4399995803833;12391.3203125
16/07/2020;142.70452880859375;54.54767990112305;31.587339401245117;69.96663665771484;93.77645111083984;5.144999980926514;5.760499954223633;17.280000686645508;73.31377410888672;9132.2275390625;46.12915802001953;9.430000305175781;12350.1103515625
17/07/2020;142.80015563964844;58.03348922729492;32.16407012939453;70.93907928466797;94.07945251464844;5.144999980926514;5.755499839782715;17.43000030517578;74.2672348022461;9151.392578125;45.377662658691406;9.449999809265137;12402.740234375
18/07/2020;;;;;;;;;;9159.0400390625;;;
19/07/2020;;;;;;;;;;9185.8173828125;;;
20/07/2020;143.03919982910156;55.73494338989258;32.385894775390625;71.05693817138672;94.81253814697266;5.144999980926514;5.755499839782715;17.510000228881836;73.37984466552734;9164.2314453125;44.626155853271484;9.470000267028809;12392.98046875
21/07/2020;143.17303466796875;55.155555725097656;32.55447769165039;70.89977264404297;94.99826049804688;5.144999980926514;5.761000156402588;17.709999084472656;73.5592041015625;9374.8876953125;47.42805099487305;9.59000015258789;12508.6796875
22/07/2020;143.4311981201172;54.120262145996094;34.21369934082031;71.31233215332031;95.4576644897461;5.144999980926514;5.767000198364258;17.989999771118164;74.68260192871094;9525.36328125;46.81571960449219;9.59000015258789;12569.0703125
23/07/2020;143.0487518310547;52.40110397338867;34.08060836791992;70.81137084960938;94.38246154785156;5.144999980926514;5.767499923706055;18.139999389648438;74.37108612060547;9581.072265625;46.778602600097656;9.510000228881836;12510.8701171875
24/07/2020;141.6240692138672;52.99948501586914;33.41514205932617;69.94698333740234;93.7959976196289;5.144999980926514;5.769000053405762;18.299999237060547;73.82353973388672;9536.892578125;46.481712341308594;9.579999923706055;12461.7802734375
25/07/2020;;;;;;;;;;9677.11328125;;;
26/07/2020;;;;;;;;;;9905.1669921875;;;
27/07/2020;140.7252960205078;53.74033737182617;33.30867385864258;70.64439392089844;94.69524383544922;5.144999980926514;5.769999980926514;18.65999984741211;74.52213287353516;10990.873046875;46.500274658203125;9.6899995803833;12553.1298828125
28/07/2020;140.39068603515625;53.49338912963867;34.621856689453125;70.59528350830078;94.07945251464844;5.144999980926514;5.763999938964844;18.81999969482422;76.00425720214844;10912.8232421875;45.7023811340332;9.609999656677246;12491.2197265625
29/07/2020;140.11338806152344;53.79732894897461;34.83480453491211;71.3614501953125;95.17420959472656;5.144999980926514;5.768499851226807;18.950000762939453;77.47695922851562;11100.4677734375;46.71365737915039;9.680000305175781;12669.6201171875
30/07/2020;140.40025329589844;54.98459243774414;34.727699279785156;70.90960693359375;94.60728454589844;5.145999908447266;5.7835001945495605;18.81999969482422;76.97661590576172;11111.2138671875;45.02509689331055;9.539999961853027;12533.2802734375
31/07/2020;139.3675994873047;52.98048782348633;34.49462127685547;70.03539276123047;94.4704360961914;5.145999908447266;5.788000106811523;18.989999771118164;76.83499908447266;11323.466796875;44.70966339111328;9.579999923706055;12465.0498046875
01/08/2020;;;;;;;;;;11759.5927734375;;;
02/08/2020;;;;;;;;;;11053.6142578125;;;
03/08/2020;140.8878631591797;53.96829605102539;34.37808609008789;71.02747344970703;95.48698425292969;5.145999908447266;5.7795000076293945;19.0;75.81546020507812;11246.3486328125;44.96015930175781;;12536.8095703125
04/08/2020;140.7635498046875;53.26543426513672;34.413944244384766;70.61492156982422;95.93661499023438;5.145999908447266;5.794000148773193;19.420000076293945;76.94829559326172;11205.892578125;46.11988067626953;9.760000228881836;12612.1103515625
05/08/2020;141.8917999267578;53.1419563293457;34.46773147583008;70.90960693359375;96.52307891845703;5.145999908447266;5.784999847412109;19.600000381469727;76.56123352050781;11747.0224609375;46.741493225097656;9.899999618530273;12731.5498046875
06/08/2020;141.0791015625;53.388912200927734;34.30637741088867;70.52651977539062;96.92384338378906;5.145999908447266;5.796999931335449;19.850000381469727;76.6839599609375;11779.7734375;46.30543899536133;9.949999809265137;12729.169921875
07/08/2020;142.08303833007812;52.629058837890625;34.46773147583008;70.64439392089844;96.6208267211914;5.145999908447266;5.781000137329102;19.530000686645508;77.779052734375;11601.47265625;46.453880310058594;9.8100004196167;12765.83984375
08/08/2020;;;;;;;;;;11754.0458984375;;;
09/08/2020;;;;;;;;;;11675.7392578125;;;
10/08/2020;141.53805541992188;52.60057067871094;34.413944244384766;70.47740173339844;96.90428161621094;5.145999908447266;5.7769999504089355;19.479999542236328;77.9017562866211;11878.111328125;47.92905044555664;9.869999885559082;12844.01953125
11/08/2020;140.52452087402344;52.410606384277344;33.87609100341797;70.14344787597656;96.5035400390625;5.145999908447266;5.741000175476074;18.440000534057617;76.77837371826172;11410.525390625;47.73421859741211;9.779999732971191;12849.4296875
12/08/2020;143.0965576171875;53.89231491088867;34.36016082763672;71.4007339477539;98.07722473144531;5.145999908447266;5.728000164031982;18.360000610351562;77.55247497558594;11584.9345703125;48.2723274230957;9.960000038146973;12974.830078125
13/08/2020;141.50933837890625;53.423179626464844;34.216732025146484;71.31233215332031;97.97947692871094;5.145999908447266;5.732999801635742;18.770000457763672;76.59900665283203;11784.1376953125;47.288883209228516;9.930000305175781;12919.150390625
14/08/2020;141.7388458251953;52.83916473388672;34.11812210083008;71.05693817138672;97.71556854248047;5.145999908447266;5.730999946594238;18.700000762939453;76.60844421386719;11768.87109375;47.82699203491211;9.90999984741211;12902.5
15/08/2020;;;;;;;;;;11865.6982421875;;;
16/08/2020;;;;;;;;;;11892.8037109375;;;
17/08/2020;142.4559326171875;54.05506896972656;34.37808609008789;71.67576599121094;98.3704605102539;5.145999908447266;5.743000030517578;19.09000015258789;77.23151397705078;12254.40234375;47.53938293457031;10.029999732971191;12936.1103515625
18/08/2020;143.5076904296875;53.93061065673828;34.38705825805664;71.67576599121094;98.49752807617188;5.145999908447266;5.742000102996826;19.270000457763672;76.86332702636719;11991.2333984375;46.86210250854492;10.020000457763672;12910.330078125
19/08/2020;143.7945556640625;53.83486557006836;34.29740524291992;71.4301986694336;98.04789733886719;5.145999908447266;5.748000144958496;18.670000076293945;75.51335144042969;11758.283203125;46.34254837036133;10.020000457763672;12859.8798828125
20/08/2020;144.7793731689453;54.08378982543945;34.70976638793945;71.37126922607422;98.25315856933594;5.145999908447266;5.752999782562256;18.770000457763672;76.23082733154297;11878.3720703125;45.321990966796875;9.989999771118164;12812.8603515625
21/08/2020;146.06057739257812;53.33701705932617;34.85319519042969;71.2533950805664;98.32158660888672;5.145999908447266;5.758999824523926;18.639999389648438;76.35354614257812;11592.4892578125;44.90449142456055;9.899999618530273;12809.0703125
22/08/2020;;;;;;;;;;11681.8251953125;;;
23/08/2020;;;;;;;;;;11664.84765625;;;
24/08/2020;146.44561767578125;54.342288970947266;34.81734085083008;71.1060562133789;99.29902648925781;5.145999908447266;5.752999782562256;18.530000686645508;76.8444595336914;11774.595703125;46.19411087036133;10.010000228881836;12972.8798828125
25/08/2020;146.35897827148438;54.581642150878906;34.43187713623047;71.39091491699219;99.61182403564453;5.145999908447266;5.72599983215332;18.549999237060547;77.04269409179688;11366.134765625;45.61887741088867;10.119999885559082;13001.990234375
26/08/2020;146.5899658203125;54.57207107543945;34.109161376953125;71.41055297851562;100.52084350585938;5.145999908447266;5.724999904632568;18.780000686645508;76.33467102050781;11488.36328125;44.570491790771484;10.069999694824219;13042.5400390625
27/08/2020;147.24449157714844;53.7199821472168;33.938838958740234;71.63648223876953;100.3937759399414;5.145999908447266;5.715000152587891;18.559999465942383;77.45806884765625;11323.3974609375;44.737491607666016;10.0;13068.8095703125
28/08/2020;147.8797607421875;53.31786346435547;33.98366165161133;71.59718322753906;100.9900131225586;5.145999908447266;5.728499889373779;18.889999389648438;77.96784973144531;11542.5;45.488990783691406;10.069999694824219;13170.9599609375
29/08/2020;;;;;;;;;;11506.865234375;;;
30/08/2020;;;;;;;;;;11711.505859375;;;
31/08/2020;147.65838623046875;53.614662170410156;33.87609100341797;71.71505737304688;100.63814544677734;5.145999908447266;;18.940000534057617;77.17487335205078;11680.8203125;44.43132400512695;9.989999771118164;13045.599609375
01/09/2020;145.83921813964844;53.02107620239258;33.060340881347656;71.2533950805664;101.49829864501953;5.145999908447266;5.736999988555908;18.950000762939453;77.23151397705078;11970.478515625;44.13443374633789;10.0600004196167;13113.740234375
02/09/2020;148.0626220703125;53.518924713134766;33.34719467163086;72.67767333984375;102.6712417602539;5.145999908447266;5.756999969482422;18.690000534057617;78.66644287109375;11414.0341796875;43.883934020996094;9.899999618530273;13276.740234375
03/09/2020;143.94308471679688;51.8530387878418;32.63005065917969;70.70333099365234;99.54339599609375;5.145999908447266;5.76800012588501;18.540000915527344;77.722412109375;10245.296875;43.55921173095703;9.850000381469727;12966.1396484375
04/09/2020;143.0190887451172;51.29774856567383;32.59419250488281;70.13361358642578;98.86896514892578;5.145999908447266;5.747000217437744;18.6200008392334;77.31646728515625;10511.8134765625;43.429325103759766;9.649999618530273;12966.1396484375
05/09/2020;;;;;;;;;;10169.5673828125;;;
06/09/2020;;;;;;;;;;10280.3515625;;;
07/09/2020;;;;;;5.145999908447266;5.7270002365112305;;;10369.5634765625;;;
08/09/2020;141.73892211914062;52.379608154296875;32.2087287902832;69.45584869384766;96.57196044921875;5.145999908447266;5.75;18.559999465942383;76.37242889404297;10131.5166015625;41.69437789916992;9.199999809265137;12688.0703125
09/09/2020;144.08746337890625;51.35519027709961;32.43284225463867;70.58545684814453;98.34113311767578;5.145999908447266;5.741000175476074;18.75;77.12765502929688;10242.34765625;42.000545501708984;9.279999732971191;12885.7998046875
10/09/2020;141.40206909179688;50.80946731567383;31.95772361755371;69.64248657226562;96.8945083618164;5.145999908447266;5.730999946594238;18.68000030517578;76.18362426757812;10363.138671875;40.386199951171875;9.210000038146973;12706.6904296875
11/09/2020;142.2394561767578;51.44135665893555;32.334224700927734;70.15325164794922;97.14865112304688;5.145999908447266;5.754000186920166;18.690000534057617;75.7588119506836;10400.9150390625;40.491455078125;9.260000228881836;12773.0400390625
12/09/2020;;;;;;;;;;10442.1708984375;;;
13/09/2020;;;;;;;;;;10323.755859375;;;
14/09/2020;142.7880859375;51.71900177001953;33.17687225341797;70.8211898803711;98.43888092041016;5.145999908447266;5.755000114440918;18.829999923706055;77.60911560058594;10680.837890625;40.801551818847656;9.220000267028809;12932.6904296875
15/09/2020;143.3078155517578;52.925331115722656;33.132049560546875;71.26322174072266;99.02534484863281;5.145999908447266;5.747499942779541;18.790000915527344;78.54371643066406;10796.951171875;40.5290412902832;9.390000343322754;12967.1796875
16/09/2020;142.83619689941406;52.78172302246094;32.97069549560547;71.22392272949219;98.70279693603516;5.145999908447266;5.751500129699707;18.84000015258789;78.95909881591797;10974.9052734375;42.17350769042969;9.600000381469727;12997.8603515625
17/09/2020;141.65231323242188;53.557220458984375;33.00654983520508;71.18463897705078;98.10655975341797;5.145999908447266;5.752999782562256;18.729999542236328;77.42030334472656;10948.990234375;42.21109390258789;9.710000038146973;12948.4501953125
18/09/2020;143.5869598388672;54.04549789428711;32.83623123168945;71.1355209350586;97.26594543457031;5.145999908447266;5.747000217437744;18.75;75.6738510131836;10944.5859375;41.81642150878906;9.65999984741211;12833.5703125
19/09/2020;;;;;;;;;;11094.3466796875;;;
20/09/2020;;;;;;;;;;10938.271484375;;;
21/09/2020;139.6599578857422;53.528499603271484;32.289405822753906;69.84876251220703;95.64337921142578;5.145999908447266;5.761000156402588;18.3700008392334;73.39871215820312;10462.259765625;40.42567825317383;9.420000076293945;12833.5703125
22/09/2020;138.80331420898438;53.07851791381836;32.495582580566406;69.64248657226562;96.28849029541016;5.145999908447266;5.752500057220459;18.299999237060547;74.27667236328125;10538.4599609375;40.021602630615234;9.40999984741211;12602.5400390625
23/09/2020;139.02467346191406;53.289146423339844;32.271480560302734;69.0531234741211;94.37268829345703;5.145999908447266;5.749000072479248;17.90999984741211;72.03931427001953;10246.1865234375;38.179805755615234;9.460000038146973;12359.16015625
24/09/2020;139.24606323242188;51.86260986328125;32.05633544921875;68.5619888305664;94.58772277832031;5.145999908447266;5.757999897003174;17.969999313354492;72.42636108398438;10760.06640625;38.19860076904297;9.479999542236328;12365.5400390625
25/09/2020;140.19894409179688;53.145530700683594;32.31630325317383;69.4656753540039;95.75089263916016;5.145999908447266;5.76200008392334;17.90999984741211;73.91998291015625;10692.716796875;38.12342071533203;9.460000038146973;12485.3798828125
26/09/2020;;;;;;;;;;10750.7236328125;;;
27/09/2020;;;;;;;;;;10775.26953125;;;
28/09/2020;141.59457397460938;52.417911529541016;32.62108612060547;69.96663665771484;97.2952651977539;5.14900016784668;5.760000228881836;18.100000381469727;75.4326400756836;10709.65234375;39.06311798095703;9.520000457763672;12677.5400390625
29/09/2020;141.5464324951172;52.7625732421875;32.42387008666992;69.9076919555664;96.97270202636719;5.14900016784668;5.766499996185303;18.25;74.89036560058594;10844.640625;38.08583450317383;9.289999961853027;12602.6396484375
30/09/2020;143.29823303222656;52.46577453613281;32.89897537231445;70.5461654663086;97.27571105957031;5.14900016784668;5.747499942779541;18.149999618530273;75.11868286132812;10784.4912109375;37.87910461425781;9.430000305175781;12701.8896484375
01/10/2020;141.79672241210938;51.98707580566406;32.6031608581543;70.33988952636719;97.87196350097656;5.14900016784668;5.747000217437744;18.309999465942383;76.621826171875;10619.4521484375;36.779659271240234;9.270000457763672;12726.83984375
02/10/2020;140.75718688964844;51.910484313964844;32.612117767333984;69.81929016113281;97.1584243774414;5.14900016784668;5.745500087738037;18.290000915527344;77.94419860839844;10575.974609375;37.211917877197266;8.960000038146973;12749.7900390625
03/10/2020;;;;;;;;;;10549.3291015625;;;
04/10/2020;;;;;;;;;;10669.5830078125;;;
05/10/2020;142.6725616455078;52.168983459472656;32.94379806518555;70.96854400634766;98.89828491210938;5.1479997634887695;5.7220001220703125;18.3799991607666;78.39134216308594;10793.33984375;38.32075119018555;9.329999923706055;12949.650390625
06/10/2020;140.77642822265625;51.422203063964844;32.42387008666992;70.04521179199219;97.71556854248047;5.1479997634887695;5.712500095367432;18.15999984741211;77.87760162353516;10604.40625;37.6817626953125;9.460000038146973;12837.8798828125
07/10/2020;142.335693359375;51.249874114990234;32.69280242919922;70.83102416992188;99.07422637939453;5.1479997634887695;5.712500095367432;18.139999389648438;77.99176788330078;10668.96875;38.283172607421875;9.430000305175781;13042.330078125
08/10/2020;143.3078155517578;51.7860221862793;33.06930160522461;71.37126922607422;99.80730438232422;5.1479997634887695;5.7154998779296875;18.209999084472656;79.29512786865234;10915.685546875;39.805477142333984;9.550000190734863;13190.580078125
09/10/2020;145.30984497070312;52.38918685913086;32.97966003417969;72.06867218017578;100.57949829101562;5.1479997634887695;5.716000080108643;18.540000915527344;78.98117065429688;11064.4580078125;39.16647720336914;9.460000038146973;13252.6201171875
10/10/2020;;;;;;;;;;11296.361328125;;;
11/10/2020;;;;;;;;;;11384.181640625;;;
12/10/2020;146.147216796875;52.9157600402832;33.00654983520508;72.56962585449219;101.85017395019531;5.1479997634887695;5.714000225067139;18.5;79.35221099853516;11555.36328125;39.326229095458984;;13324.8701171875
13/10/2020;142.79769897460938;52.15940856933594;33.078269958496094;71.93115997314453;101.23438262939453;5.1479997634887695;5.728499889373779;18.209999084472656;77.99176788330078;11425.8994140625;38.69663619995117;9.40999984741211;13211.9501953125
14/10/2020;142.54745483398438;50.924354553222656;33.04240798950195;71.47930908203125;100.60881805419922;5.1479997634887695;5.735499858856201;18.25;77.0404281616211;11429.5068359375;38.82819366455078;9.5;13143.16015625
15/10/2020;141.6715850830078;50.31161880493164;32.76451873779297;70.61492156982422;100.18851470947266;5.1479997634887695;5.737500190734863;18.329999923706055;77.43999481201172;11495.349609375;39.34502410888672;9.470000267028809;13137.25
16/10/2020;142.54745483398438;50.77117156982422;34.01951599121094;71.28286743164062;100.3058090209961;5.1479997634887695;5.7245001792907715;18.25;76.8882064819336;11322.123046875;38.43352508544922;9.460000038146973;13169.3203125
17/10/2020;;;;;;;;;;11358.1015625;;;
18/10/2020;;;;;;;;;;11483.359375;;;
19/10/2020;138.90919494628906;50.206302642822266;33.88505172729492;70.35953521728516;99.10354614257812;5.1479997634887695;5.7144999504089355;18.270000457763672;75.68951416015625;11742.037109375;37.6629753112793;9.449999809265137;13018.509765625
20/10/2020;139.13055419921875;49.966949462890625;33.60715866088867;70.43811798095703;99.55316162109375;5.1479997634887695;5.710000038146973;18.360000610351562;76.23176574707031;11916.3349609375;38.170406341552734;9.520000457763672;13092.16015625
21/10/2020;138.53378295898438;49.37336349487305;33.2396240234375;69.98627471923828;99.15242767333984;5.146999835968018;5.699999809265137;18.510000228881836;76.00344848632812;12823.689453125;37.40925598144531;9.25;13040.1298828125
22/10/2020;139.6406707763672;49.74674606323242;33.55337142944336;70.68367767333984;99.55316162109375;5.146999835968018;5.684500217437744;18.31999969482422;75.99394226074219;12965.8916015625;38.969146728515625;9.369999885559082;13145.919921875
23/10/2020;139.794677734375;49.7850456237793;34.2256965637207;70.90960693359375;100.0321273803711;5.146999835968018;5.682499885559082;18.309999465942383;76.45057678222656;12931.5390625;38.80940246582031;9.1899995803833;13199.8603515625
24/10/2020;;;;;;;;;;13108.0625;;;
25/10/2020;;;;;;;;;;13031.173828125;;;
26/10/2020;138.57228088378906;50.80946731567383;33.99262619018555;70.24166107177734;98.19451904296875;5.146999835968018;5.703000068664551;18.299999237060547;75.35652923583984;13075.248046875;37.41864776611328;9.0;12936.3896484375
27/10/2020;137.7830352783203;50.244598388671875;33.55337142944336;69.77017974853516;97.70579528808594;5.14900016784668;5.71150016784668;18.350000381469727;74.1483154296875;13654.21875;36.89242172241211;9.180000305175781;12817.8701171875
28/10/2020;133.17262268066406;48.80849075317383;31.778446197509766;67.73689270019531;94.50953674316406;5.14900016784668;5.714000225067139;18.040000915527344;72.3788070678711;13271.28515625;35.31373977661133;8.819999694824219;12415.419921875
29/10/2020;132.04647827148438;48.894657135009766;31.62604331970215;67.37344360351562;95.3208236694336;5.14900016784668;5.696000099182129;17.979999542236328;73.34918212890625;13437.8828125;36.38499069213867;8.630000114440918;12502.2900390625
30/10/2020;131.969482421875;48.02342224121094;31.805335998535156;67.03948974609375;94.35314178466797;5.14900016784668;5.676000118255615;18.049999237060547;72.8639907836914;13546.5224609375;36.56352615356445;8.59000015258789;12429.330078125
31/10/2020;;;;;;;;;;13780.9951171875;;;
01/11/2020;;;;;;;;;;13737.109375;;;
02/11/2020;133.49026489257812;48.46382522583008;32.47765350341797;68.1494369506836;95.4576644897461;5.14900016784668;5.684999942779541;18.219999313354492;74.6049575805664;13550.4892578125;37.7287483215332;8.930000305175781;12662.169921875
03/11/2020;133.30735778808594;49.49782180786133;32.44179916381836;69.36744689941406;97.50052642822266;5.14900016784668;5.66349983215332;18.329999923706055;76.04150390625;13950.30078125;37.550209045410156;8.989999771118164;12877.4501953125
04/11/2020;134.1736297607422;52.695556640625;33.46372985839844;72.43211364746094;99.33812713623047;5.14900016784668;5.713500022888184;18.309999465942383;76.17469787597656;14133.70703125;37.493831634521484;9.199999809265137;12978.9501953125
05/11/2020;134.52012634277344;52.81044387817383;32.97488021850586;73.01165008544922;101.43964385986328;5.146999835968018;5.707499980926514;18.739999771118164;76.53620147705078;15579.8486328125;37.58779525756836;9.119999885559082;13199.1201171875
06/11/2020;136.91677856445312;53.15510940551758;32.983943939208984;72.84466552734375;101.57649230957031;5.184000015258789;5.690999984741211;18.760000228881836;76.01295471191406;15565.880859375;36.789058685302734;8.890000343322754;13218.669921875
07/11/2020;;;;;;;;;;14833.75390625;;;
08/11/2020;;;;;;;;;;15479.5673828125;;;
09/11/2020;140.6031951904297;51.74772262573242;35.52116394042969;73.39472961425781;103.111083984375;5.146999835968018;5.639999866485596;17.950000762939453;78.70529174804688;15332.3154296875;41.98556900024414;9.319999694824219;13611.650390625
10/11/2020;142.72068786621094;54.16038513183594;35.04996871948242;73.4241943359375;103.34567260742188;5.146999835968018;5.64300012588501;18.0;79.8564224243164;15290.90234375;43.197776794433594;9.489999771118164;13707.990234375
11/11/2020;142.2587127685547;55.54862594604492;34.886863708496094;73.6501235961914;104.0689926147461;5.150000095367432;5.635499954223633;17.93000030517578;80.16085815429688;15701.33984375;42.94405746459961;9.569999694824219;13724.7802734375
12/11/2020;142.73995971679688;54.41888427734375;34.02602005004883;73.28667449951172;102.9937973022461;5.14900016784668;5.629499912261963;18.020000457763672;79.11437225341797;16276.34375;41.4687385559082;9.430000305175781;13551.4697265625
13/11/2020;144.2799530029297;54.935882568359375;34.995601654052734;74.2689437866211;104.27424621582031;5.146999835968018;5.635000228881836;18.15999984741211;81.22636413574219;16317.80859375;43.019229888916016;9.289999961853027;13761.3203125
14/11/2020;;;;;;;;;;16068.138671875;;;
15/11/2020;;;;;;;;;;15955.587890625;;;
16/11/2020;145.19436645507812;53.892311096191406;33.826663970947266;74.07250213623047;105.4960708618164;5.146999835968018;5.629499912261963;18.139999389648438;82.13966369628906;16716.111328125;45.763145446777344;9.449999809265137;13982.1904296875
17/11/2020;143.75059509277344;52.618961334228516;34.42124557495117;73.5125961303711;105.21260833740234;5.146999835968018;5.641499996185303;18.079999923706055;82.21576690673828;17645.40625;46.289371490478516;9.470000267028809;13949.099609375
18/11/2020;141.84483337402344;51.69028091430664;34.688663482666016;72.44192504882812;104.31334686279297;5.146999835968018;5.640999794006348;17.989999771118164;80.61750793457031;17804.005859375;45.02078628540039;9.579999923706055;13808.650390625
19/11/2020;141.62344360351562;51.72857666015625;34.56450271606445;72.44192504882812;104.94869232177734;5.146999835968018;5.647500038146973;17.940000534057617;80.93144226074219;17817.08984375;45.79132843017578;9.5;13863.23046875
20/11/2020;140.87271118164062;52.944480895996094;35.05160140991211;72.48123168945312;104.64567565917969;5.146999835968018;5.651500225067139;18.010000228881836;80.49383544921875;18621.314453125;45.509422302246094;9.520000457763672;13827.0
21/11/2020;;;;;;;;;;18642.232421875;;;
22/11/2020;;;;;;;;;;18370.001953125;;;
23/11/2020;139.4382781982422;52.37003707885742;34.87968826293945;72.19636535644531;105.03665924072266;5.146999835968018;5.644000053405762;17.65999984741211;80.64604187011719;18364.12109375;48.77016830444336;9.5600004196167;13998.240234375
24/11/2020;139.4382781982422;51.288169860839844;34.95608901977539;72.42229461669922;106.69832611083984;5.146999835968018;5.637499809265137;17.3700008392334;81.07414245605469;19107.46484375;51.24156188964844;9.850000381469727;14249.5
25/11/2020;139.25411987304688;50.3594856262207;34.88923645019531;72.225830078125;106.61035919189453;5.146999835968018;5.644999980926514;17.360000610351562;81.12171936035156;18732.12109375;50.132720947265625;10.020000457763672;14191.580078125
26/11/2020;;;;;;5.146999835968018;5.648499965667725;;;17150.623046875;;9.890000343322754;
27/11/2020;139.56427001953125;50.36906051635742;35.55779266357422;73.06075286865234;107.08930206298828;5.146999835968018;5.6504998207092285;17.18000030517578;80.76020050048828;17108.40234375;49.559513092041016;9.890000343322754;14198.5
28/11/2020;;;;;;;;;;17717.4140625;;;
29/11/2020;;;;;;;;;;18177.484375;;;
30/11/2020;140.22329711914062;50.68500518798828;36.58928680419922;72.99199676513672;106.48328399658203;5.146999835968018;5.6519999504089355;17.079999923706055;79.91350555419922;19625.8359375;46.81560134887695;9.880000114440918;14006.4599609375
01/12/2020;142.90798950195312;50.72330093383789;37.63987731933594;73.6304702758789;107.63668060302734;5.146999835968018;5.620999813079834;17.450000762939453;80.94095611572266;18802.998046875;47.088111877441406;9.789999961853027;14146.6396484375
02/12/2020;143.5767364501953;51.11583709716797;38.96744155883789;73.99391174316406;107.74420166015625;5.146999835968018;5.609499931335449;17.579999923706055;80.30355072021484;19201.091796875;48.54463577270508;9.949999809265137;14188.240234375
03/12/2020;144.4102325439453;50.53181838989258;38.28933334350586;73.72869110107422;107.83216857910156;5.146999835968018;5.61899995803833;17.700000762939453;80.97901916503906;19445.3984375;49.089664459228516;9.800000190734863;14217.1796875
04/12/2020;145.64114379882812;51.450931549072266;38.528106689453125;74.53414916992188;108.90735626220703;5.146999835968018;5.60099983215332;17.65999984741211;82.21576690673828;18699.765625;51.76779556274414;9.979999542236328;14417.330078125
05/12/2020;;;;;;;;;;19154.23046875;;;
06/12/2020;;;;;;;;;;19345.12109375;;;
07/12/2020;144.3811798095703;51.94877624511719;39.39723205566406;74.18053436279297;108.50660705566406;5.146999835968018;5.621500015258789;17.90999984741211;81.50225830078125;19191.630859375;50.527400970458984;9.979999542236328;14354.9697265625
08/12/2020;146.8817138671875;52.38918685913086;40.64839553833008;74.53414916992188;108.85848999023438;5.146999835968018;5.63100004196167;17.979999542236328;81.21685791015625;18321.14453125;51.39191436767578;10.010000228881836;14402.169921875
09/12/2020;148.3839874267578;51.738155364990234;39.970279693603516;74.3868179321289;108.18404388427734;5.146999835968018;5.618500232696533;17.68000030517578;80.71263122558594;18553.916015625;51.504676818847656;10.0;14374.080078125
10/12/2020;147.5601348876953;51.594539642333984;39.855674743652344;74.37699127197266;108.28179168701172;5.1479997634887695;5.623000144958496;17.639999389648438;80.36064910888672;18264.9921875;53.20552444458008;10.180000305175781;14394.33984375
11/12/2020;148.2385711669922;51.95835494995117;39.2730712890625;74.08230590820312;107.9787826538086;5.151000022888184;5.644999980926514;17.68000030517578;80.28453826904297;18058.904296875;52.575931549072266;10.140000343322754;14355.2900390625
12/12/2020;;;;;;;;;;18803.65625;;;
13/12/2020;;;;;;;;;;19142.3828125;;;
14/12/2020;144.47811889648438;47.898956298828125;37.4488639831543;73.42923736572266;107.9728775024414;5.150000095367432;5.638000011444092;17.56999969482422;79.93253326416016;19246.64453125;50.74352264404297;10.1899995803833;14214.9296875
15/12/2020;145.93190002441406;48.66488265991211;36.9713249206543;74.13072967529297;109.14446258544922;5.150000095367432;5.632500171661377;17.829999923706055;81.56884765625;19417.076171875;51.76779556274414;10.289999961853027;14402.3203125
16/12/2020;145.0596160888672;48.7606201171875;36.14039611816406;74.13072967529297;109.40044403076172;5.1479997634887695;5.629499912261963;17.920000076293945;81.66398620605469;21310.59765625;51.542259216308594;10.359999656677246;14408.9404296875
17/12/2020;148.887939453125;48.6265869140625;36.32186508178711;74.75318145751953;110.24713134765625;5.1479997634887695;5.630499839782715;18.1200008392334;82.45360565185547;22805.162109375;51.29808044433594;10.489999771118164;14516.73046875
18/12/2020;149.7505340576172;48.0712890625;35.98758316040039;74.84210205078125;109.91239929199219;5.1479997634887695;5.624000072479248;18.09000015258789;80.79825592041016;23137.9609375;50.41444396972656;10.59000015258789;14467.8203125
19/12/2020;;;;;;;;;;23869.83203125;;;
20/12/2020;;;;;;;;;;23477.294921875;;;
21/12/2020;148.30642700195312;47.56386947631836;35.70105743408203;74.05168151855469;109.16414642333984;5.1479997634887695;5.625500202178955;18.030000686645508;80.34160614013672;22803.08203125;49.52131652832031;10.34000015258789;14378.849609375
22/12/2020;148.0156707763672;46.65433120727539;35.08980178833008;73.88372039794922;109.08539581298828;5.1479997634887695;5.627999782562256;17.889999389648438;80.90290832519531;23783.029296875;48.74220275878906;10.210000038146973;14321.33984375
23/12/2020;147.2596893310547;46.692630767822266;35.758365631103516;73.952880859375;109.4102783203125;5.1479997634887695;5.61299991607666;18.010000228881836;80.37966918945312;23241.345703125;49.97738265991211;10.390000343322754;14398.6201171875
24/12/2020;147.77337646484375;46.45327377319336;35.59599685668945;74.07144165039062;109.71549224853516;;5.625999927520752;18.06999969482422;81.08338928222656;23735.94921875;49.55931854248047;10.369999885559082;14382.5
25/12/2020;;;;;;;;;;24664.791015625;;;
26/12/2020;;;;;;;;;;26437.037109375;;;
27/12/2020;;;;;;;;;;26272.294921875;;;
28/12/2020;148.47119140625;47.27664566040039;35.16621017456055;74.32833099365234;110.36527252197266;5.150000095367432;;18.010000228881836;81.56671905517578;27084.80859375;49.198265075683594;;14405.76953125
29/12/2020;149.3919219970703;47.77449417114258;35.38587951660156;74.87173461914062;110.40465545654297;5.14900016784668;5.627999782562256;18.059999465942383;80.8707275390625;27362.4375;48.91322708129883;10.430000305175781;14397.919921875
30/12/2020;151.24307250976562;48.04256820678711;35.08980178833008;74.9507827758789;110.55233001708984;5.14900016784668;5.625999927520752;18.200000762939453;81.31539916992188;28840.953125;49.720848083496094;10.399999618530273;14477.48046875
31/12/2020;152.53211975097656;47.86066436767578;35.15666198730469;75.53370666503906;110.67047119140625;;5.630000114440918;18.280000686645508;82.09838104248047;29001.720703125;49.2742805480957;10.430000305175781;14524.7998046875
01/01/2021;;;;;;;;;;29374.15234375;;;
02/01/2021;;;;;;;;;;32127.267578125;;;
03/01/2021;;;;;;;;;;32782.0234375;;;
04/01/2021;151.67922973632812;48.36808395385742;35.15666198730469;75.43490600585938;109.90254211425781;5.14900016784668;5.631499767303467;18.690000534057617;79.43040466308594;31971.9140625;49.530818939208984;10.270000457763672;14376.7001953125
05/01/2021;153.46253967285156;48.5404167175293;35.51959228515625;75.83010864257812;110.74922943115234;5.14900016784668;5.622499942779541;18.729999542236328;79.54641723632812;33992.4296875;51.85866165161133;10.65999984741211;14536.5302734375
06/01/2021;154.90664672851562;48.74147415161133;35.21396255493164;76.41303253173828;111.41871643066406;5.14900016784668;5.578999996185303;18.450000762939453;79.68173217773438;36824.36328125;53.45489501953125;10.600000381469727;14788.83984375
07/01/2021;155.43002319335938;48.05214309692383;35.39543151855469;77.00585174560547;112.69860076904297;5.14900016784668;5.565999984741211;18.389999389648438;79.52706909179688;39371.04296875;54.35752868652344;10.75;14928.75
08/01/2021;155.11016845703125;48.693607330322266;35.46228790283203;77.53937530517578;113.52559661865234;5.14900016784668;5.549499988555908;17.770000457763672;80.30039978027344;40797.609375;54.18650436401367;10.90999984741211;14966.830078125
09/01/2021;;;;;;;;;;40254.546875;;;
10/01/2021;;;;;;;;;;38356.44140625;;;
11/01/2021;154.4608154296875;48.4063835144043;36.073543548583984;77.70734405517578;112.48200225830078;5.14900016784668;5.544000148773193;17.739999771118164;79.23706817626953;35566.65625;55.04163360595703;10.960000038146973;14937.9599609375
12/01/2021;153.25901794433594;48.147884368896484;35.510040283203125;77.11453247070312;112.79704284667969;5.14900016784668;5.526000022888184;17.84000015258789;79.42073822021484;33922.9609375;57.0654296875;11.140000343322754;15010.2900390625
13/01/2021;153.02639770507812;48.71275329589844;35.20441818237305;77.24297332763672;112.9742660522461;5.14900016784668;5.554999828338623;17.760000228881836;80.38739776611328;37316.359375;56.55236053466797;11.170000076293945;14983.6103515625
14/01/2021;155.70140075683594;49.105289459228516;35.09935760498047;77.33189392089844;112.88566589355469;5.14900016784668;5.5625;17.75;80.8610610961914;39187.328125;58.338623046875;11.25;15044.3798828125
15/01/2021;155.36216735839844;49.15315628051758;35.05160140991211;77.38129425048828;111.79283905029297;5.14900016784668;5.561500072479248;17.549999237060547;81.78904724121094;36825.3671875;56.096290588378906;11.0;14894.169921875
16/01/2021;;;;;;;;;;36178.140625;;;
17/01/2021;;;;;;;;;;35791.27734375;;;
18/01/2021;;;;;;5.14900016784668;5.560999870300293;;;36630.07421875;;10.899999618530273;
19/01/2021;157.76577758789062;50.33076858520508;35.08025360107422;78.12230682373047;112.69860076904297;5.14900016784668;5.5625;17.68000030517578;81.55706024169922;36069.8046875;57.16994857788086;11.079999923706055;14987.33984375
20/01/2021;157.37811279296875;50.01482391357422;34.8605842590332;78.44834899902344;114.0277099609375;5.14900016784668;5.561500072479248;17.979999542236328;83.1133804321289;35547.75;57.26496124267578;11.039999961853027;15097.2802734375
21/01/2021;156.7481231689453;50.31161880493164;34.84148406982422;78.19146728515625;114.00801086425781;5.14900016784668;5.5625;17.969999313354492;82.71704864501953;30825.69921875;55.29816818237305;11.100000381469727;15019.0498046875
22/01/2021;158.51205444335938;50.9818000793457;34.90833282470703;78.05313873291016;113.56497955322266;5.14900016784668;5.565999984741211;17.829999923706055;82.9103775024414;33005.76171875;55.117637634277344;10.930000305175781;14951.83984375
23/01/2021;;;;;;;;;;32067.642578125;;;
24/01/2021;;;;;;;;;;32289.37890625;;;
25/01/2021;160.8671875;51.70942687988281;35.60554885864258;78.66571807861328;113.83080291748047;5.1479997634887695;5.585999965667725;17.84000015258789;83.5386962890625;32366.392578125;54.60457229614258;11.0;14935.2900390625
26/01/2021;165.22857666015625;52.12111282348633;35.63420486450195;78.40882873535156;113.67327880859375;5.1479997634887695;5.585999965667725;17.799999237060547;84.12836456298828;32569.849609375;53.445396423339844;10.949999809265137;14867.3701171875
27/01/2021;162.70867919921875;49.88078308105469;34.61225891113281;76.04747772216797;110.9461441040039;5.1479997634887695;5.599999904632568;17.690000534057617;82.63970947265625;30432.546875;52.84680938720703;10.960000038146973;14487.73046875
28/01/2021;163.94924926757812;49.82334518432617;34.621917724609375;76.8280029296875;111.71407318115234;5.1479997634887695;5.579999923706055;17.709999084472656;83.0843734741211;33466.09765625;53.37888717651367;10.949999809265137;14669.51953125
29/01/2021;158.10501098632812;48.44467544555664;34.66053771972656;75.9091567993164;109.76470184326172;5.1479997634887695;5.572999954223633;17.700000762939453;82.12738037109375;34316.38671875;51.71613693237305;10.880000114440918;14397.2001953125
30/01/2021;;;;;;;;;;34269.5234375;;;
31/01/2021;;;;;;;;;;33114.359375;;;
01/02/2021;157.6979522705078;48.25320053100586;34.563987731933594;76.3438720703125;111.41871643066406;5.1479997634887695;5.578499794006348;17.850000381469727;84.00270080566406;33537.17578125;52.257720947265625;11.109999656677246;14596.1796875
02/02/2021;156.2829132080078;47.92768096923828;33.78195571899414;76.50196075439453;112.82657623291016;5.1479997634887695;5.564000129699707;17.649999618530273;84.50536346435547;35510.2890625;52.82780456542969;11.289999961853027;14768.580078125
03/02/2021;155.55599975585938;47.870235443115234;33.63713455200195;76.09687042236328;112.9742660522461;5.1479997634887695;5.556000232696533;17.6200008392334;84.29269409179688;37472.08984375;55.04163360595703;11.479999542236328;14839.0595703125
04/02/2021;157.00013732910156;48.21490478515625;33.685401916503906;76.27471160888672;113.95879364013672;5.1479997634887695;5.547999858856201;17.239999771118164;84.87269592285156;36926.06640625;55.592708587646484;11.529999732971191;14975.4296875
05/02/2021;159.38433837890625;47.61173629760742;33.71437072753906;76.44268798828125;114.40181732177734;5.1479997634887695;5.543000221252441;17.40999984741211;85.17236328125;38144.30859375;56.172298431396484;11.640000343322754;15069.599609375
06/02/2021;;;;;;;;;;39266.01171875;;;
07/02/2021;;;;;;;;;;38903.44140625;;;
08/02/2021;159.83985900878906;47.92768096923828;33.61782455444336;76.57112121582031;115.29774475097656;5.1479997634887695;5.54449987411499;17.579999923706055;85.63634490966797;46196.46484375;58.538150787353516;11.850000381469727;15226.6103515625
09/02/2021;161.1482696533203;48.26277160644531;33.76264572143555;76.89717102050781;115.61279296875;5.1479997634887695;5.55049991607666;17.6299991607666;85.93602752685547;46481.10546875;57.94906234741211;11.920000076293945;15244.400390625
10/02/2021;161.67164611816406;47.841514587402344;33.54058837890625;76.84777069091797;115.4946517944336;5.1479997634887695;5.551000118255615;17.700000762939453;86.40000915527344;44918.18359375;59.013214111328125;11.9399995803833;15273.900390625
11/02/2021;160.9447479248047;47.95640182495117;33.24129104614258;77.05524444580078;115.88845825195312;5.1479997634887695;5.554999828338623;17.540000915527344;86.58368682861328;47909.33203125;58.148590087890625;11.869999885559082;15297.08984375
12/02/2021;161.44874572753906;49.48824691772461;33.52127456665039;77.6282958984375;116.44963836669922;5.1479997634887695;5.544000148773193;17.5;86.60301208496094;47504.8515625;59.07972717285156;12.100000381469727;15369.599609375
13/02/2021;;;;;;;;;;47105.515625;;;
14/02/2021;;;;;;;;;;48717.2890625;;;
15/02/2021;;;;;;5.1479997634887695;5.517000198364258;;;47945.05859375;;;
16/02/2021;159.98524475097656;48.72232437133789;33.4923095703125;77.07501220703125;116.72529602050781;5.1479997634887695;5.499499797821045;17.239999771118164;85.93602752685547;49199.87109375;60.59994888305664;12.25;15423.01953125
17/02/2021;160.5570526123047;49.25847625732422;33.685401916503906;76.986083984375;116.52839660644531;5.1479997634887695;5.502999782562256;17.049999237060547;85.8296890258789;52149.0078125;61.407562255859375;12.319999694824219;15402.58984375
18/02/2021;160.63461303710938;49.30634307861328;33.36680221557617;76.52172088623047;115.9179916381836;5.1479997634887695;5.497499942779541;17.059999465942383;85.46236419677734;51679.796875;59.77333068847656;12.180000305175781;15290.6396484375
19/02/2021;157.95962524414062;48.43510818481445;33.25094223022461;75.83010864257812;115.9179916381836;5.1479997634887695;5.480999946594238;17.1299991607666;85.95535278320312;55888.1328125;60.827980041503906;12.050000190734863;15362.6904296875
20/02/2021;;;;;;;;;;56099.51953125;;;
21/02/2021;;;;;;;;;;57539.9453125;;;
22/02/2021;157.86209106445312;48.415958404541016;33.0771598815918;75.4250259399414;115.159912109375;5.1479997634887695;5.47599983215332;17.3799991607666;86.67068481445312;54207.3203125;62.73776626586914;12.489999771118164;15340.4697265625
23/02/2021;156.46749877929688;47.20962905883789;32.73924255371094;75.06935119628906;115.15005493164062;5.1479997634887695;5.4745001792907715;17.350000381469727;87.2120132446289;48824.42578125;63.735416412353516;12.649999618530273;15359.1298828125
24/02/2021;158.56427001953125;47.965972900390625;32.58476638793945;75.4250259399414;116.06566619873047;5.1479997634887695;5.4629998207092285;17.31999969482422;87.87901306152344;49705.33203125;66.1202621459961;12.890000343322754;15539.419921875
25/02/2021;158.7300567626953;47.73175811767578;32.652347564697266;74.61485290527344;113.59451293945312;5.1479997634887695;5.426000118255615;17.010000228881836;86.19701385498047;47093.8515625;64.79956817626953;12.84000015258789;15206.669921875
26/02/2021;154.53652954101562;47.21452331542969;32.333744049072266;73.67623901367188;112.5016860961914;5.1479997634887695;5.396999835968018;16.600000381469727;84.94036865234375;46339.76171875;63.32685852050781;12.510000228881836;15010.4697265625
27/02/2021;;;;;;;;;;46188.453125;;;
28/02/2021;;;;;;;;;;45137.76953125;;;
01/03/2021;155.37525939941406;46.93151092529297;32.52683639526367;74.7235336303711;115.07129669189453;5.150000095367432;5.430500030517578;16.549999237060547;85.31735229492188;49631.2421875;65.09412384033203;12.319999694824219;15327.76953125
02/03/2021;155.08267211914062;46.58018493652344;32.353050231933594;74.64450073242188;114.62826538085938;5.150000095367432;5.439000129699707;16.639999389648438;84.4957046508789;48378.98828125;64.65705108642578;12.279999732971191;15277.01953125
03/03/2021;152.3519744873047;46.0239143371582;33.20267105102539;73.6268310546875;113.04318237304688;5.150000095367432;5.413000106811523;16.479999542236328;84.01236724853516;50538.2421875;65.59769439697266;12.5;15199.1904296875
04/03/2021;149.2799835205078;46.092227935791016;33.019229888916016;72.5499038696289;111.68453979492188;5.150000095367432;5.414999961853027;16.309999465942383;83.05538177490234;48561.16796875;67.31744384765625;13.0;14959.41015625
05/03/2021;152.23497009277344;46.9022331237793;33.20267105102539;73.68612670898438;113.26962280273438;5.150000095367432;5.375999927520752;16.309999465942383;83.96404266357422;48927.3046875;69.78780364990234;13.369999885559082;15251.830078125
06/03/2021;;;;;;;;;;48912.3828125;;;
07/03/2021;;;;;;;;;;51206.69140625;;;
08/03/2021;153.5027618408203;47.02910232543945;33.16404724121094;73.34031677246094;112.70844268798828;5.150000095367432;5.361999988555908;16.149999618530273;84.68902587890625;52246.5234375;69.90182495117188;13.15999984741211;15288.3798828125
09/03/2021;153.79534912109375;48.08308792114258;33.260597229003906;74.10108184814453;114.46089935302734;5.150000095367432;5.379000186920166;16.489999771118164;85.24968719482422;54824.1171875;68.46710968017578;13.100000381469727;15375.6298828125
10/03/2021;155.20945739746094;48.610076904296875;33.724029541015625;74.41725158691406;115.11067962646484;5.150000095367432;5.387499809265137;16.56999969482422;86.10035705566406;56008.55078125;70.53840637207031;13.229999542236328;15521.83984375
11/03/2021;155.19969177246094;47.49753952026367;33.511619567871094;74.79269409179688;116.18382263183594;5.150000095367432;5.39300012588501;16.549999237060547;87.10567474365234;57805.12109375;70.7094497680664;13.4399995803833;15648.0
12/03/2021;155.6483154296875;47.25355911254883;33.733680725097656;74.81245422363281;116.28227233886719;5.150000095367432;5.353000164031982;16.549999237060547;88.56533813476562;57332.08984375;70.7569580078125;13.40999984741211;15715.2099609375
13/03/2021;;;;;;;;;;61243.0859375;;;
14/03/2021;;;;;;;;;;59302.31640625;;;
15/03/2021;156.447998046875;47.595130920410156;34.18745040893555;75.29657745361328;116.79421997070312;5.150000095367432;5.364500045776367;16.6299991607666;89.87999725341797;55907.19921875;70.04434967041016;13.390000343322754;15775.5
16/03/2021;157.37448120117188;48.844295501708984;34.592952728271484;75.45466613769531;116.95173645019531;5.150000095367432;5.361999988555908;16.639999389648438;89.51266479492188;56804.90234375;68.04905700683594;13.34000015258789;15669.2998046875
17/03/2021;156.78933715820312;48.86381149291992;34.55433654785156;75.28670501708984;117.36524963378906;5.150000095367432;5.335999965667725;16.760000228881836;89.58999633789062;58870.89453125;68.6096420288086;13.279999732971191;15731.150390625
18/03/2021;156.4967498779297;48.14164352416992;34.5350227355957;75.02982330322266;115.73094177246094;5.150000095367432;5.314000129699707;16.68000030517578;88.68133544921875;57858.921875;65.26513671875;12.289999961853027;15589.08984375
19/03/2021;156.07740783691406;48.02452850341797;34.30331039428711;75.30646514892578;115.77030944824219;5.150000095367432;5.322000026702881;16.75;87.47301483154297;58346.65234375;65.56919860839844;12.65999984741211;15562.259765625
20/03/2021;;;;;;;;;;58313.64453125;;;
21/03/2021;;;;;;;;;;57523.421875;;;
22/03/2021;156.52601623535156;49.96659469604492;34.757083892822266;75.96842956542969;116.27242279052734;5.150000095367432;5.331999778747559;16.700000762939453;88.09166717529297;54529.14453125;64.78057098388672;12.75;15551.5595703125
23/03/2021;156.37973022460938;48.209957122802734;34.13917922973633;75.02982330322266;115.18943786621094;5.150000095367432;5.3470001220703125;16.59000015258789;87.96600341796875;54738.9453125;63.488380432128906;12.149999618530273;15346.5302734375
24/03/2021;157.90110778808594;47.61465072631836;34.380550384521484;74.83221435546875;114.55934143066406;5.150000095367432;5.3520002365112305;16.649999618530273;87.47301483154297;52774.265625;65.04662322998047;12.729999542236328;15276.5595703125
25/03/2021;157.95962524414062;48.50273132324219;34.4384765625;75.2669448852539;115.21897888183594;5.150000095367432;5.367000102996826;16.59000015258789;88.3636474609375;51704.16015625;65.3126449584961;12.260000228881836;15410.3701171875
26/03/2021;160.84632873535156;49.420082092285156;34.99845504760742;76.49208068847656;116.6662368774414;5.150000095367432;5.348499774932861;16.6299991607666;90.26937866210938;55137.3125;67.14384460449219;12.729999542236328;15682.5400390625
27/03/2021;;;;;;;;;;55973.51171875;;;
28/03/2021;;;;;;;;;;55950.74609375;;;
