Date;Healthcare Global ETF(IXJ);MSCI World ETF (URTH);Tbill 1y (IB01.SW);Tbill 7-10y (IGTM.L);Gold ETF (SGOL);Real Estate ETF (VNQ);BTC-USD;Energy ETF (VDE);Oil ETF (HUC.TO);NYSE Composite (^NYA)
01/01/2020;;;;;;;7200.17431640625;;;
02/01/2020;67.20973205566406;96.30870056152344;;5.249000072479248;14.710000038146973;85.05542755126953;6985.47021484375;74.20335388183594;13.239999771118164;14002.490234375
03/01/2020;66.7127456665039;95.49588775634766;5.1020002365112305;5.276000022888184;14.920000076293945;85.58412170410156;7344.88427734375;74.04085540771484;13.510000228881836;13917.0498046875
04/01/2020;;;;;;;7410.65673828125;;;
05/01/2020;;;;;;;7411.3173828125;;;
06/01/2020;67.02457427978516;96.03777313232422;5.1020002365112305;5.274499893188477;15.079999923706055;85.68614196777344;7769.21923828125;74.73603057861328;13.520000457763672;13941.7998046875
07/01/2020;66.86865997314453;95.78617858886719;5.105999946594238;5.2729997634887695;15.140000343322754;84.73078918457031;8163.6923828125;74.47420501708984;13.5;13898.4501953125
08/01/2020;67.26819610595703;96.05711364746094;5.105000019073486;5.269000053405762;15.020000457763672;84.990478515625;8079.86279296875;73.08385467529297;13.0600004196167;13934.4404296875
09/01/2020;67.54104614257812;96.6086654663086;5.105000019073486;5.244500160217285;14.930000305175781;84.94412231445312;7879.0712890625;73.53527069091797;13.050000190734863;13997.650390625
10/01/2020;67.6774673461914;96.22162628173828;5.105000019073486;5.271500110626221;15.020000457763672;85.59339904785156;8166.55419921875;72.98453521728516;12.970000267028809;13957.9697265625
11/01/2020;;;;;;;8037.53759765625;;;
12/01/2020;;;;;;;8192.494140625;;;
13/01/2020;67.48258209228516;96.84091186523438;5.105000019073486;5.261499881744385;14.90999984741211;86.62296295166016;8144.1943359375;73.02066040039062;12.899999618530273;14042.650390625
14/01/2020;67.94058990478516;96.64737701416016;5.105000019073486;5.275000095367432;14.890000343322754;86.29832458496094;8827.7646484375;73.0657958984375;12.979999542236328;14037.1298828125
15/01/2020;68.5155258178711;96.78285217285156;5.105000019073486;5.288000106811523;14.979999542236328;87.07744598388672;8807.0107421875;72.58731079101562;12.850000381469727;14053.23046875
16/01/2020;68.78837585449219;97.55695343017578;5.105000019073486;5.276000022888184;14.960000038146973;87.77311706542969;8723.7861328125;72.6234130859375;12.90999984741211;14141.7802734375
17/01/2020;68.92481231689453;97.88594818115234;5.105000019073486;5.269999980926514;14.989999771118164;87.85659790039062;8929.0380859375;72.1539306640625;12.90999984741211;14183.2001953125
18/01/2020;;;;;;;8942.80859375;;;
19/01/2020;;;;;;;8706.2451171875;;;
20/01/2020;;;5.107999801635742;5.273499965667725;;;8657.642578125;;12.979999542236328;
21/01/2020;68.89556884765625;97.37309265136719;5.107999801635742;5.293000221252441;15.0;88.69137573242188;8745.89453125;70.59205627441406;12.920000076293945;14109.98046875
22/01/2020;69.01251220703125;97.54727172851562;5.105999946594238;5.291999816894531;15.010000228881836;88.09776306152344;8680.8759765625;69.93299865722656;12.680000305175781;14110.240234375
23/01/2020;68.68119049072266;97.46986389160156;5.10699987411499;5.316500186920166;15.050000190734863;88.83979797363281;8406.515625;69.57186889648438;12.399999618530273;14102.0400390625
24/01/2020;67.68722534179688;96.8215560913086;5.10699987411499;5.32450008392334;15.130000114440918;88.53369140625;8445.4345703125;68.72320556640625;12.140000343322754;13978.4697265625
25/01/2020;;;;;;;8367.84765625;;;
26/01/2020;;;;;;;8596.830078125;;;
27/01/2020;67.02457427978516;95.16690063476562;5.10699987411499;5.358500003814697;15.239999771118164;88.10702514648438;8909.8193359375;66.72795104980469;11.949999809265137;13769.599609375
28/01/2020;67.58975982666016;96.04744720458984;5.10699987411499;5.3470001220703125;15.109999656677246;88.45950317382812;9358.58984375;67.15227508544922;12.050000190734863;13877.6103515625
29/01/2020;67.54104614257812;96.07647705078125;5.10699987411499;5.355999946594238;15.1899995803833;88.13484954833984;9316.6298828125;66.43002319335938;12.079999923706055;13843.8095703125
30/01/2020;67.19023132324219;96.22162628173828;5.107999801635742;5.383999824523926;15.1899995803833;88.19977569580078;9508.9931640625;66.85435485839844;12.0;13861.919921875
31/01/2020;65.99163055419922;94.56696319580078;5.107999801635742;5.395999908447266;15.270000457763672;87.12383270263672;9350.529296875;64.88618469238281;11.770000457763672;13614.099609375
01/02/2020;;;;;;;9392.875;;;
02/02/2020;;;;;;;9344.365234375;;;
03/02/2020;66.47886657714844;95.0798110961914;5.109000205993652;5.388000011444092;15.180000305175781;87.41136932373047;9293.521484375;64.09169006347656;11.699999809265137;13677.919921875
04/02/2020;67.57028198242188;96.7731704711914;5.109000205993652;5.364999771118164;14.970000267028809;88.31108856201172;9180.962890625;64.23615264892578;11.65999984741211;13862.83984375
05/02/2020;68.7104263305664;97.67306518554688;5.111000061035156;5.351500034332275;15.0;88.36673736572266;9613.423828125;66.70989990234375;11.899999618530273;14024.8603515625
06/02/2020;68.83709716796875;98.02143096923828;5.111000061035156;5.3445000648498535;15.079999923706055;88.6635513305664;9729.8017578125;65.96054077148438;12.050000190734863;14034.9501953125
07/02/2020;68.3108901977539;97.37309265136719;5.111000061035156;5.367000102996826;15.109999656677246;88.64500427246094;9795.943359375;65.38272857666016;11.970000267028809;13931.9296875
08/02/2020;;;;;;;9865.119140625;;;
09/02/2020;;;;;;;10116.673828125;;;
10/02/2020;68.62271881103516;97.8666000366211;5.111000061035156;5.381499767303467;15.149999618530273;89.63746643066406;9856.611328125;64.86812591552734;11.850000381469727;13984.48046875
11/02/2020;69.06123352050781;98.3213882446289;5.111000061035156;5.371500015258789;15.09000015258789;90.3145751953125;10208.236328125;65.54525756835938;11.90999984741211;14054.080078125
12/02/2020;69.08071899414062;98.81488800048828;5.111999988555908;5.352499961853027;15.09000015258789;90.85255432128906;10326.0546875;66.49320983886719;12.180000305175781;14136.98046875
13/02/2020;68.73965454101562;98.49555969238281;5.111999988555908;5.357500076293945;15.170000076293945;91.39981079101562;10214.3798828125;66.21333312988281;12.170000076293945;14099.0400390625
14/02/2020;68.66169738769531;98.6213607788086;5.11299991607666;5.369500160217285;15.239999771118164;92.34588623046875;10312.1162109375;65.89735412597656;12.199999809265137;14097.33984375
15/02/2020;;;;;;;9889.4248046875;;;
16/02/2020;;;;;;;9934.43359375;;;
17/02/2020;;;5.11299991607666;5.368500232696533;;;9690.142578125;;;
18/02/2020;68.47655487060547;98.34073638916016;5.113999843597412;5.388500213623047;15.4399995803833;92.24386596679688;10141.99609375;65.34661865234375;12.279999732971191;14039.009765625
19/02/2020;68.91506958007812;98.72779083251953;5.113999843597412;5.377500057220459;15.529999732971191;91.00096130371094;9633.38671875;66.22236633300781;12.449999809265137;14087.1298828125
20/02/2020;68.45706176757812;98.31169891357422;5.114999771118164;5.39900016784668;15.59000015258789;92.08617401123047;9608.4755859375;66.24041748046875;12.4399995803833;14061.48046875
21/02/2020;68.45706176757812;97.62468719482422;5.114999771118164;5.416500091552734;15.829999923706055;92.35517120361328;9686.44140625;65.32857513427734;12.300000190734863;13975.7802734375
22/02/2020;;;;;;;9663.181640625;;;
23/02/2020;;;;;;;9924.515625;;;
24/02/2020;66.09882354736328;94.23796844482422;5.114999771118164;5.461999893188477;15.979999542236328;91.09371948242188;9650.1748046875;62.19575881958008;11.880000114440918;13534.1201171875
25/02/2020;64.28629302978516;91.71244049072266;5.114999771118164;5.475500106811523;15.6899995803833;88.62645721435547;9341.705078125;59.46018981933594;11.640000343322754;13143.73046875
26/02/2020;64.30577850341797;91.4415054321289;5.114999771118164;5.468999862670898;15.760000228881836;87.67108917236328;8820.5224609375;57.62745666503906;11.470000267028809;13046.6201171875
27/02/2020;62.39580535888672;88.02574920654297;5.114999771118164;5.502500057220459;15.760000228881836;83.00556182861328;8784.494140625;54.41339111328125;11.15999984741211;12547.25
28/02/2020;61.43107223510742;86.76782989501953;5.11899995803833;5.557000160217285;15.180000305175781;81.00208282470703;8672.455078125;55.189823150634766;10.779999732971191;12380.9697265625
29/02/2020;;;;;;;8599.5087890625;;;
01/03/2020;;;;;;;8562.4541015625;;;
02/03/2020;64.07190704345703;90.21260833740234;5.122000217437744;5.587500095367432;15.270000457763672;84.46180725097656;8869.669921875;56.688514709472656;11.170000076293945;12827.990234375
03/03/2020;62.78559875488281;88.18057250976562;5.122000217437744;5.611999988555908;15.75;84.26702117919922;8787.7861328125;54.90091323852539;11.15999984741211;12542.740234375
04/03/2020;66.16703796386719;91.53826141357422;5.126999855041504;5.634500026702881;15.779999732971191;87.448486328125;8755.24609375;56.01139450073242;11.1899995803833;13009.9599609375
05/03/2020;64.68582153320312;88.76115417480469;5.132999897003174;5.647500038146973;16.1200008392334;85.57483673095703;9078.7626953125;53.8716926574707;11.069999694824219;12593.0302734375
06/03/2020;64.24730682373047;87.37744903564453;5.135000228881836;5.736999988555908;16.110000610351562;84.10005950927734;9122.5458984375;50.684715270996094;10.229999542236328;12352.0302734375
07/03/2020;;;;;;;8909.9541015625;;;
08/03/2020;;;;;;;8108.1162109375;;;
09/03/2020;60.83664321899414;80.13951873779297;5.129000186920166;5.784999847412109;16.15999984741211;77.6165542602539;7923.64453125;40.63624954223633;8.300000190734863;11298.4296875
10/03/2020;62.95125198364258;83.74880981445312;5.129000186920166;5.751500129699707;15.829999923706055;80.89576721191406;7909.7294921875;42.14115524291992;8.930000305175781;11793.26953125
11/03/2020;60.407875061035156;79.57829284667969;5.138999938964844;5.673999786376953;15.760000228881836;76.034912109375;7911.43017578125;39.63908386230469;8.65999984741211;11177.2900390625
12/03/2020;55.515995025634766;71.27599334716797;5.140999794006348;5.7870001792907715;15.140000343322754;68.33233642578125;4970.7880859375;34.90988540649414;8.380000114440918;10060.759765625
13/03/2020;59.209259033203125;77.05276489257812;5.099999904632568;5.627999782562256;14.670000076293945;74.29620361328125;5563.70703125;38.099342346191406;8.880000114440918;10851.740234375
14/03/2020;;;;;;;5200.3662109375;;;
15/03/2020;;;;;;;5392.31494140625;;;
16/03/2020;53.6839714050293;68.28599548339844;5.109000205993652;5.658999919891357;14.529999732971191;61.12518310546875;5014.47998046875;33.13186264038086;7.840000152587891;9567.5302734375
17/03/2020;56.714595794677734;72.15653991699219;5.110000133514404;5.644499778747559;14.720000267028809;64.65864562988281;5225.62939453125;33.159358978271484;7.75;10063.3603515625
18/03/2020;54.590240478515625;68.14085388183594;5.110000133514404;5.517499923706055;14.380000114440918;58.50780487060547;5238.4384765625;28.67761993408203;6.900000095367432;9384.599609375
19/03/2020;54.453819274902344;68.65369415283203;5.11899995803833;5.5289998054504395;14.119999885559082;58.71345520019531;6191.19287109375;30.538131713867188;7.449999809265137;9461.3095703125
20/03/2020;52.18328094482422;66.40878295898438;5.126999855041504;5.601500034332275;14.34000015258789;55.78760528564453;6198.7783203125;30.877241134643555;7.25;9133.16015625
21/03/2020;;;;;;;6185.06640625;;;
22/03/2020;;;;;;;5830.2548828125;;;
23/03/2020;50.18560028076172;65.20891571044922;5.126999855041504;5.71750020980835;14.960000038146973;53.19826126098633;6416.31494140625;28.77843475341797;7.349999904632568;8777.3798828125
24/03/2020;53.65474319458008;71.14051818847656;5.129000186920166;5.6585001945495605;15.760000228881836;57.98433303833008;6734.8037109375;33.30599594116211;7.429999828338623;9658.3203125
25/03/2020;54.70717239379883;72.41780090332031;5.129000186920166;5.690000057220459;15.479999542236328;61.10649490356445;6681.06298828125;34.644100189208984;7.800000190734863;9961.3798828125
26/03/2020;57.99116516113281;76.4625015258789;5.135000228881836;5.703499794006348;15.720000267028809;65.41583251953125;6716.4404296875;36.61459732055664;7.679999828338623;10536.2802734375
27/03/2020;57.03617858886719;74.14019775390625;5.135000228881836;5.736000061035156;15.609999656677246;65.48125457763672;6469.79833984375;34.15835189819336;7.769999980926514;10187.2099609375
28/03/2020;;;;;;;6242.19384765625;;;
29/03/2020;;;;;;;5922.04296875;;;
30/03/2020;59.6770133972168;76.08513641357422;5.138999938964844;5.78000020980835;15.619999885559082;66.91146850585938;6429.841796875;34.46080017089844;7.800000190734863;10434.740234375
31/03/2020;59.38467025756836;75.40778350830078;5.138000011444092;5.759500026702881;15.149999618530273;65.29429626464844;6438.64453125;35.02903747558594;7.739999771118164;10301.8701171875
01/04/2020;57.21158218383789;71.9920425415039;5.144999980926514;5.793000221252441;15.3100004196167;61.003665924072266;6606.7763671875;33.397647857666016;7.400000095367432;9844.849609375
02/04/2020;58.79024124145508;73.47252655029297;5.144999980926514;5.789000034332275;15.550000190734863;61.209312438964844;6793.62451171875;36.330482482910156;7.539999961853027;10062.3701171875
03/04/2020;58.20555114746094;72.35005950927734;5.144999980926514;5.799499988555908;15.630000114440918;60.3212776184082;6733.38720703125;35.90888595581055;7.940000057220459;9880.6298828125
04/04/2020;;;;;;;6867.52734375;;;
05/04/2020;;;;;;;6791.12939453125;;;
06/04/2020;61.03153991699219;76.91729736328125;5.144999980926514;5.765999794006348;16.059999465942383;64.78951263427734;7271.78125;37.778568267822266;8.029999732971191;10515.240234375
07/04/2020;60.27143859863281;77.05276489257812;5.144999980926514;5.7210001945495605;15.960000038146973;65.38777160644531;7176.41455078125;38.50260925292969;8.109999656677246;10537.0400390625
08/04/2020;62.347084045410156;78.89128112792969;5.144999980926514;5.725500106811523;15.829999923706055;69.84667205810547;7334.0986328125;41.114662170410156;8.149999618530273;10902.58984375
09/04/2020;62.805084228515625;80.33303833007812;5.144000053405762;5.728000164031982;16.200000762939453;73.76339721679688;7302.08935546875;40.931358337402344;8.0600004196167;11136.6103515625
10/04/2020;;;;;;;6865.4931640625;;;
11/04/2020;;;;;;;6859.0830078125;;;
12/04/2020;;;;;;;6971.091796875;;;
13/04/2020;62.278865814208984;79.65570831298828;;;16.540000915527344;70.65991973876953;6845.03759765625;40.81222152709961;8.489999771118164;10949.5302734375
14/04/2020;64.29605102539062;81.6587142944336;5.144000053405762;5.736499786376953;16.610000610351562;72.64165496826172;6842.427734375;40.656410217285156;8.449999809265137;11172.2001953125
15/04/2020;63.72109603881836;79.81053161621094;5.144000053405762;5.775000095367432;16.600000381469727;69.76254272460938;6642.10986328125;38.8050651550293;7.960000038146973;10843.919921875
16/04/2020;65.02690124511719;80.02340698242188;5.142000198364258;5.790500164031982;16.540000915527344;68.96797180175781;7116.80419921875;37.256160736083984;7.900000095367432;10818.0302734375
17/04/2020;66.39116668701172;82.12318420410156;5.144000053405762;5.795499801635742;16.239999771118164;71.14602661132812;7096.1845703125;41.02301788330078;7.909999847412109;11208.2900390625
18/04/2020;;;;;;;7257.6650390625;;;
19/04/2020;;;;;;;7189.4248046875;;;
20/04/2020;65.97213745117188;80.95233917236328;5.144000053405762;5.78249979019165;16.34000015258789;68.50059509277344;6881.95849609375;39.90487289428711;7.639999866485596;11003.8798828125
21/04/2020;64.4032211303711;78.72676849365234;5.1479997634887695;5.816500186920166;16.229999542236328;67.25731658935547;6880.3232421875;39.318302154541016;6.519999980926514;10706.4404296875
22/04/2020;65.34848022460938;80.28468322753906;5.1479997634887695;5.789000034332275;16.579999923706055;68.28559112548828;7117.20751953125;40.64724349975586;6.78000020980835;10908.5595703125
23/04/2020;65.55310821533203;80.2459716796875;5.142000198364258;5.7870001792907715;16.700000762939453;67.71537780761719;7429.724609375;41.9761848449707;6.769999980926514;10916.6796875
24/04/2020;66.55683135986328;81.13618469238281;5.14300012588501;5.789999961853027;16.649999618530273;68.00515747070312;7550.90087890625;42.022010803222656;6.659999847412109;11017.900390625
25/04/2020;;;;;;;7569.93603515625;;;
26/04/2020;;;;;;;7679.8671875;;;
27/04/2020;67.29742431640625;82.35541534423828;5.144000053405762;5.768499851226807;16.540000915527344;70.33275604248047;7795.60107421875;42.93851089477539;6.380000114440918;11264.83984375
28/04/2020;66.27423095703125;82.40379333496094;5.144999980926514;5.78000020980835;16.440000534057617;70.91232299804688;7807.05859375;43.891693115234375;6.349999904632568;11319.7001953125
29/04/2020;66.44963073730469;84.58097839355469;5.144999980926514;5.789000034332275;16.530000686645508;71.97797393798828;8801.0380859375;47.163639068603516;6.460000038146973;11618.23046875
30/04/2020;66.06958770751953;83.56495666503906;5.144000053405762;5.796000003814697;16.25;71.14602661132812;8658.5537109375;46.311279296875;6.809999942779541;11372.33984375
01/05/2020;64.76378631591797;81.4071273803711;;5.781499862670898;16.3700008392334;68.74363708496094;8864.7666015625;43.55258560180664;6.619999885559082;11058.5703125
02/05/2020;;;;;;;8988.5966796875;;;
03/05/2020;;;;;;;8897.46875;;;
04/05/2020;64.94894409179688;81.57162475585938;5.144000053405762;5.78000020980835;16.420000076293945;68.40711212158203;8912.654296875;45.03732681274414;6.849999904632568;11056.2802734375
05/05/2020;66.05009460449219;82.01673889160156;5.144000053405762;5.770999908447266;16.459999084472656;68.74363708496094;9003.0703125;45.11981964111328;7.309999942779541;11135.400390625
06/05/2020;65.62132263183594;81.47486114501953;5.144000053405762;5.747000217437744;16.280000686645508;67.50972747802734;9268.76171875;43.882530212402344;7.050000190734863;10999.990234375
07/05/2020;65.68954467773438;82.54893493652344;5.144000053405762;5.77400016784668;16.530000686645508;68.4725570678711;9951.5185546875;44.89069366455078;6.909999847412109;11121.669921875
08/05/2020;66.03060150146484;84.19392395019531;5.144000053405762;;16.420000076293945;70.09906768798828;9842.666015625;46.952842712402344;7.320000171661377;11354.33984375
09/05/2020;;;;;;;9593.896484375;;;
10/05/2020;;;;;;;8756.4306640625;;;
11/05/2020;66.90764617919922;84.24229431152344;5.144000053405762;5.762499809265137;16.31999969482422;69.08015441894531;8601.7958984375;46.219627380371094;7.159999847412109;11281.3701171875
12/05/2020;66.13780212402344;82.6650619506836;5.144000053405762;5.758999824523926;16.389999389648438;65.93930053710938;8804.4775390625;45.376441955566406;7.03000020980835;11055.580078125
13/05/2020;65.85520935058594;81.37810516357422;5.144000053405762;5.787499904632568;16.530000686645508;64.3408203125;9269.9873046875;43.26845932006836;6.909999847412109;10829.4404296875
14/05/2020;66.1183090209961;81.76515197753906;5.144000053405762;5.749499797821045;16.690000534057617;64.5651626586914;9733.7216796875;43.66256332397461;7.159999847412109;10927.41015625
15/05/2020;66.4301528930664;82.12318420410156;5.144000053405762;5.736000061035156;16.790000915527344;64.31277465820312;9328.197265625;43.69922637939453;7.400000095367432;10947.3203125
16/05/2020;;;;;;;9377.013671875;;;
17/05/2020;;;;;;;9670.7392578125;;;
18/05/2020;67.30717468261719;84.77449798583984;5.144000053405762;5.710999965667725;16.670000076293945;68.11734008789062;9726.5751953125;47.2094612121582;;11402.23046875
19/05/2020;66.60554504394531;83.86491394042969;5.144000053405762;5.709499835968018;16.799999237060547;67.20124816894531;9729.0380859375;45.87135696411133;7.869999885559082;11248.9697265625
20/05/2020;66.9368667602539;85.40347290039062;5.144000053405762;5.710000038146973;16.84000015258789;67.79950714111328;9522.9814453125;47.66771697998047;8.119999885559082;11420.0400390625
21/05/2020;66.29371643066406;84.6100082397461;;5.732999801635742;16.610000610351562;67.8555908203125;9081.76171875;46.94367599487305;8.220000267028809;11351.599609375
22/05/2020;66.48861694335938;84.62934875488281;5.144000053405762;5.73199987411499;16.709999084472656;68.77166748046875;9182.5771484375;46.714542388916016;8.130000114440918;11331.9697265625
23/05/2020;;;;;;;9209.287109375;;;
24/05/2020;;;;;;;8790.3681640625;;;
25/05/2020;;;5.144000053405762;;;;8906.9345703125;;8.100000381469727;
26/05/2020;66.4593734741211;86.20658874511719;5.146999835968018;5.712500095367432;16.479999542236328;71.34232330322266;8835.052734375;48.05264663696289;8.289999961853027;11603.0
27/05/2020;66.67376708984375;87.45484161376953;5.145999908447266;5.728499889373779;16.5;72.76317596435547;9181.017578125;48.63005828857422;8.039999961853027;11837.5302734375
28/05/2020;67.74568176269531;87.61934661865234;5.145999908447266;5.7195000648498535;16.540000915527344;73.10905456542969;9525.7509765625;47.301109313964844;8.119999885559082;11804.91015625
29/05/2020;68.4083251953125;87.76448822021484;5.14300012588501;5.732999801635742;16.68000030517578;72.37992858886719;9439.1240234375;47.08115005493164;8.390000343322754;11802.9501953125
30/05/2020;;;;;;;9700.4140625;;;
31/05/2020;;;;;;;9461.05859375;;;
01/06/2020;68.22318267822266;88.69342041015625;;5.72599983215332;16.760000228881836;74.05317687988281;10167.2685546875;47.933509826660156;8.5;11900.240234375
02/06/2020;68.37910461425781;89.48688507080078;5.14300012588501;5.729000091552734;16.6299991607666;74.65142822265625;9529.8037109375;49.25328063964844;8.739999771118164;12046.41015625
03/06/2020;68.38884735107422;90.9093017578125;5.144000053405762;5.691999912261963;16.329999923706055;77.04446411132812;9656.7177734375;50.765525817871094;8.779999732971191;12302.1904296875
04/06/2020;67.8431396484375;90.56094360351562;5.144999980926514;5.677499771118164;16.520000457763672;76.27793884277344;9800.63671875;50.89383316040039;8.829999923706055;12286.98046875
05/06/2020;68.67144012451172;92.63169860839844;5.144999980926514;5.624000072479248;16.170000076293945;79.16641998291016;9665.533203125;54.87148666381836;9.220000267028809;12641.4404296875
06/06/2020;;;;;;;9653.6796875;;;
07/06/2020;;;;;;;9758.8525390625;;;
08/06/2020;69.00275421142578;93.76382446289062;5.144999980926514;5.651500225067139;16.34000015258789;81.12946319580078;9771.4892578125;57.80432891845703;9.0;12836.599609375
09/06/2020;68.45706176757812;92.89295196533203;5.144999980926514;5.668499946594238;16.5;79.78336334228516;9795.7001953125;55.5130500793457;9.100000381469727;12619.51953125
10/06/2020;68.65194702148438;92.55428314208984;5.144000053405762;5.689000129699707;16.719999313354492;77.75489807128906;9870.0947265625;52.56188201904297;9.140000343322754;12449.2197265625
11/06/2020;65.22178649902344;87.30001831054688;5.144000053405762;5.730500221252441;16.6200008392334;72.76317596435547;9321.78125;47.52106857299805;8.539999961853027;11659.169921875
12/06/2020;65.65056610107422;88.56763458251953;5.144000053405762;5.7245001792907715;16.670000076293945;75.37120819091797;9480.84375;48.850013732910156;8.630000114440918;11867.169921875
13/06/2020;;;;;;;9475.27734375;;;
14/06/2020;;;;;;;9386.7880859375;;;
15/06/2020;66.01792907714844;89.28018188476562;5.144000053405762;5.723999977111816;16.6200008392334;76.4368667602539;9450.7021484375;49.1524658203125;8.800000190734863;11942.91015625
16/06/2020;67.42256164550781;90.76589965820312;5.144000053405762;5.700500011444092;16.600000381469727;77.94184875488281;9538.0244140625;50.435585021972656;9.0;12161.4697265625
17/06/2020;67.75654602050781;90.67793273925781;5.144000053405762;5.704999923706055;16.6299991607666;76.81077575683594;9480.2548828125;48.71254348754883;8.859999656677246;12086.490234375
18/06/2020;67.46186065673828;90.60950469970703;5.144000053405762;5.7230000495910645;16.610000610351562;75.969482421875;9411.8408203125;49.19829177856445;9.020000457763672;12072.58984375
19/06/2020;68.01191711425781;90.15010833740234;5.144000053405762;5.7179999351501465;16.790000915527344;74.8664321899414;9288.0185546875;48.446754455566406;9.100000381469727;11980.1201171875
20/06/2020;;;;;;;9332.3408203125;;;
21/06/2020;;;;;;;9303.6298828125;;;
22/06/2020;68.05120849609375;90.8929672241211;5.144000053405762;5.728000164031982;16.8799991607666;74.7916488647461;9648.7177734375;48.59705352783203;9.239999771118164;12028.91015625
23/06/2020;68.37535858154297;91.2937240600586;5.145999908447266;5.71150016784668;17.030000686645508;74.48316955566406;9629.658203125;48.55994415283203;9.180000305175781;12077.740234375
24/06/2020;66.67604064941406;88.93807983398438;5.145999908447266;5.724999904632568;17.0;72.3612289428711;9313.6103515625;45.813716888427734;8.890000343322754;11726.5400390625
25/06/2020;67.34398651123047;90.06214141845703;5.145999908447266;5.733500003814697;16.959999084472656;73.28543090820312;9264.8134765625;46.66727066040039;9.029999732971191;11865.1103515625
26/06/2020;66.53852081298828;88.12680053710938;5.145999908447266;5.744500160217285;17.040000915527344;71.87882232666016;9162.91796875;45.03438186645508;8.920000076293945;11604.4296875
27/06/2020;;;;;;;9045.390625;;;
28/06/2020;;;;;;;9143.58203125;;;
29/06/2020;66.85285186767578;89.19221496582031;5.145999908447266;5.749000072479248;17.059999465942383;73.26655578613281;9190.8544921875;45.6652717590332;9.15999984741211;11777.080078125
30/06/2020;67.5600814819336;90.06214141845703;5.144999980926514;5.747000217437744;17.139999389648438;74.13507080078125;9137.9931640625;46.66727066040039;9.029999732971191;11893.7802734375
01/07/2020;67.92353057861328;90.57042694091797;5.144999980926514;5.732999801635742;17.049999237060547;75.8437728881836;9228.3251953125;45.54466247558594;;11901.5498046875
02/07/2020;68.38518524169922;91.25463104248047;5.144999980926514;5.735000133514404;17.079999923706055;75.62664031982422;9123.41015625;46.1106071472168;9.1899995803833;11991.51953125
03/07/2020;;;5.144999980926514;5.73799991607666;;;9087.3037109375;;9.239999771118164;
04/07/2020;;;;;;;9132.48828125;;;
05/07/2020;;;;;;;9073.9423828125;;;
06/07/2020;69.08259582519531;92.66216278076172;5.144999980926514;5.723499774932861;17.190000534057617;75.58888244628906;9375.474609375;46.32399368286133;9.319999694824219;12160.009765625
07/07/2020;68.44412231445312;91.6944808959961;5.144999980926514;5.731500148773193;17.299999237060547;74.08787536621094;9252.27734375;44.96015930175781;9.319999694824219;11990.1396484375
08/07/2020;68.53252410888672;92.4764404296875;5.144999980926514;5.738999843597412;17.40999984741211;73.98403930664062;9428.3330078125;44.93232727050781;9.4399995803833;12086.3896484375
09/07/2020;68.0217514038086;91.86065673828125;5.144999980926514;5.754000186920166;17.3700008392334;73.52143859863281;9277.9677734375;42.79843521118164;9.319999694824219;11928.6298828125
10/07/2020;68.03157043457031;92.78922271728516;5.144999980926514;5.756999969482422;17.31999969482422;73.7480239868164;9278.8076171875;44.10660171508789;9.449999809265137;12075.580078125
11/07/2020;;;;;;;9240.3466796875;;;
12/07/2020;;;;;;;9276.5;;;
13/07/2020;68.12979125976562;91.95838928222656;5.144999980926514;5.738999843597412;17.329999923706055;72.87007141113281;9243.6142578125;43.7354850769043;9.300000190734863;12014.669921875
14/07/2020;69.22010803222656;93.22907257080078;5.144999980926514;5.757500171661377;17.43000030517578;73.48368072509766;9243.2138671875;45.312713623046875;9.399999618530273;12014.669921875
15/07/2020;70.17290496826172;94.2065200805664;5.144999980926514;5.75;17.43000030517578;74.20115661621094;9192.8369140625;46.35182189941406;9.4399995803833;12391.3203125
16/07/2020;69.96662902832031;93.77645111083984;5.144999980926514;5.760499954223633;17.280000686645508;73.31375885009766;9132.2275390625;46.12915802001953;9.430000305175781;12350.1103515625
17/07/2020;70.93907928466797;94.07945251464844;5.144999980926514;5.755499839782715;17.43000030517578;74.26722717285156;9151.392578125;45.37765884399414;9.449999809265137;12402.740234375
18/07/2020;;;;;;;9159.0400390625;;;
19/07/2020;;;;;;;9185.8173828125;;;
20/07/2020;71.05693817138672;94.81255340576172;5.144999980926514;5.755499839782715;17.510000228881836;73.37984466552734;9164.2314453125;44.626155853271484;9.470000267028809;12392.98046875
21/07/2020;70.8997802734375;94.9982681274414;5.144999980926514;5.761000156402588;17.709999084472656;73.55921173095703;9374.8876953125;47.42804718017578;9.59000015258789;12508.6796875
22/07/2020;71.31233215332031;95.4576644897461;5.144999980926514;5.767000198364258;17.989999771118164;74.68260955810547;9525.36328125;46.81571960449219;9.59000015258789;12569.0703125
23/07/2020;70.81137084960938;94.38247680664062;5.144999980926514;5.767499923706055;18.139999389648438;74.37107849121094;9581.072265625;46.778602600097656;9.510000228881836;12510.8701171875
24/07/2020;69.94697570800781;93.7959976196289;5.144999980926514;5.769000053405762;18.299999237060547;73.82353973388672;9536.892578125;46.481712341308594;9.579999923706055;12461.7802734375
25/07/2020;;;;;;;9677.11328125;;;
26/07/2020;;;;;;;9905.1669921875;;;
27/07/2020;70.64439392089844;94.69525146484375;5.144999980926514;5.769999980926514;18.65999984741211;74.52213287353516;10990.873046875;46.500274658203125;9.6899995803833;12553.1298828125
28/07/2020;70.59528350830078;94.07945251464844;5.144999980926514;5.763999938964844;18.81999969482422;76.00426483154297;10912.8232421875;45.70237731933594;9.609999656677246;12491.2197265625
29/07/2020;71.3614501953125;95.17420959472656;5.144999980926514;5.768499851226807;18.950000762939453;77.47695922851562;11100.4677734375;46.71365737915039;9.680000305175781;12669.6201171875
30/07/2020;70.90959930419922;94.60728454589844;5.145999908447266;5.7835001945495605;18.81999969482422;76.97660827636719;11111.2138671875;45.02509689331055;9.539999961853027;12533.2802734375
31/07/2020;70.03539276123047;94.4704360961914;5.145999908447266;5.788000106811523;18.989999771118164;76.83501434326172;11323.466796875;44.709659576416016;9.579999923706055;12465.0498046875
01/08/2020;;;;;;;11759.5927734375;;;
02/08/2020;;;;;;;11053.6142578125;;;
03/08/2020;71.0274658203125;95.48699188232422;5.145999908447266;5.7795000076293945;19.0;75.81543731689453;11246.3486328125;44.96015930175781;;12536.8095703125
04/08/2020;70.61492156982422;95.93661499023438;5.145999908447266;5.794000148773193;19.420000076293945;76.94830322265625;11205.892578125;46.11988067626953;9.760000228881836;12612.1103515625
05/08/2020;70.90959930419922;96.52307891845703;5.145999908447266;5.784999847412109;19.600000381469727;76.56123352050781;11747.0224609375;46.74149703979492;9.899999618530273;12731.5498046875
06/08/2020;70.52651977539062;96.92384338378906;5.145999908447266;5.796999931335449;19.850000381469727;76.68396759033203;11779.7734375;46.30543518066406;9.949999809265137;12729.169921875
07/08/2020;70.64439392089844;96.6208267211914;5.145999908447266;5.781000137329102;19.530000686645508;77.77904510498047;11601.47265625;46.453880310058594;9.8100004196167;12765.83984375
08/08/2020;;;;;;;11754.0458984375;;;
09/08/2020;;;;;;;11675.7392578125;;;
10/08/2020;70.47740936279297;96.90428924560547;5.145999908447266;5.7769999504089355;19.479999542236328;77.90176391601562;11878.111328125;47.92905044555664;9.869999885559082;12844.01953125
11/08/2020;70.14344787597656;96.5035400390625;5.145999908447266;5.741000175476074;18.440000534057617;76.77837371826172;11410.525390625;47.734222412109375;9.779999732971191;12849.4296875
12/08/2020;71.4007339477539;98.07722473144531;5.145999908447266;5.728000164031982;18.360000610351562;77.55247497558594;11584.9345703125;48.2723274230957;9.960000038146973;12974.830078125
13/08/2020;71.31233215332031;97.97947692871094;5.145999908447266;5.732999801635742;18.770000457763672;76.59900665283203;11784.1376953125;47.288883209228516;9.930000305175781;12919.150390625
14/08/2020;71.05693817138672;97.71556091308594;5.145999908447266;5.730999946594238;18.700000762939453;76.60844421386719;11768.87109375;47.82699203491211;9.90999984741211;12902.5
15/08/2020;;;;;;;11865.6982421875;;;
16/08/2020;;;;;;;11892.8037109375;;;
17/08/2020;71.67576599121094;98.3704605102539;5.145999908447266;5.743000030517578;19.09000015258789;77.23150634765625;12254.40234375;47.53938293457031;10.029999732971191;12936.1103515625
18/08/2020;71.67576599121094;98.49752807617188;5.145999908447266;5.742000102996826;19.270000457763672;76.86334228515625;11991.2333984375;46.862098693847656;10.020000457763672;12910.330078125
19/08/2020;71.43020629882812;98.04789733886719;5.145999908447266;5.748000144958496;18.670000076293945;75.51335906982422;11758.283203125;46.34254837036133;10.020000457763672;12859.8798828125
20/08/2020;71.37126922607422;98.25316619873047;5.145999908447266;5.752999782562256;18.770000457763672;76.23081970214844;11878.3720703125;45.321990966796875;9.989999771118164;12812.8603515625
21/08/2020;71.2533950805664;98.32157897949219;5.145999908447266;5.758999824523926;18.639999389648438;76.35354614257812;11592.4892578125;44.90449142456055;9.899999618530273;12809.0703125
22/08/2020;;;;;;;11681.8251953125;;;
23/08/2020;;;;;;;11664.84765625;;;
24/08/2020;71.1060562133789;99.29903411865234;5.145999908447266;5.752999782562256;18.530000686645508;76.8444595336914;11774.595703125;46.19411087036133;10.010000228881836;12972.8798828125
25/08/2020;71.39090728759766;99.61181640625;5.145999908447266;5.72599983215332;18.549999237060547;77.04269409179688;11366.134765625;45.61888122558594;10.119999885559082;13001.990234375
26/08/2020;71.41055297851562;100.52083587646484;5.145999908447266;5.724999904632568;18.780000686645508;76.33467102050781;11488.36328125;44.570491790771484;10.069999694824219;13042.5400390625
27/08/2020;71.636474609375;100.3937759399414;5.145999908447266;5.715000152587891;18.559999465942383;77.45806884765625;11323.3974609375;44.737491607666016;10.0;13068.8095703125
28/08/2020;71.5971908569336;100.99002838134766;5.145999908447266;5.728499889373779;18.889999389648438;77.96784973144531;11542.5;45.48899459838867;10.069999694824219;13170.9599609375
29/08/2020;;;;;;;11506.865234375;;;
30/08/2020;;;;;;;11711.505859375;;;
31/08/2020;71.7150650024414;100.63813781738281;5.145999908447266;;18.940000534057617;77.17486572265625;11680.8203125;44.43132400512695;9.989999771118164;13045.599609375
01/09/2020;71.2533950805664;101.498291015625;5.145999908447266;5.736999988555908;18.950000762939453;77.23150634765625;11970.478515625;44.13443374633789;10.0600004196167;13113.740234375
02/09/2020;72.67767333984375;102.67123413085938;5.145999908447266;5.756999969482422;18.690000534057617;78.66643524169922;11414.0341796875;43.883934020996094;9.899999618530273;13276.740234375
03/09/2020;70.70333862304688;99.54339599609375;5.145999908447266;5.76800012588501;18.540000915527344;77.72239685058594;10245.296875;43.55921173095703;9.850000381469727;12966.1396484375
04/09/2020;70.13361358642578;98.86896514892578;5.145999908447266;5.747000217437744;18.6200008392334;77.31646728515625;10511.8134765625;43.429325103759766;9.649999618530273;12966.1396484375
05/09/2020;;;;;;;10169.5673828125;;;
06/09/2020;;;;;;;10280.3515625;;;
07/09/2020;;;5.145999908447266;5.7270002365112305;;;10369.5634765625;;;
08/09/2020;69.45584869384766;96.57195281982422;5.145999908447266;5.75;18.559999465942383;76.3724365234375;10131.5166015625;41.69437789916992;9.199999809265137;12688.0703125
09/09/2020;70.58545684814453;98.34113311767578;5.145999908447266;5.741000175476074;18.75;77.12765502929688;10242.34765625;42.000545501708984;9.279999732971191;12885.7998046875
10/09/2020;69.64248657226562;96.8945083618164;5.145999908447266;5.730999946594238;18.68000030517578;76.18362426757812;10363.138671875;40.386199951171875;9.210000038146973;12706.6904296875
11/09/2020;70.15325927734375;97.14865112304688;5.145999908447266;5.754000186920166;18.690000534057617;75.75879669189453;10400.9150390625;40.491455078125;9.260000228881836;12773.0400390625
12/09/2020;;;;;;;10442.1708984375;;;
13/09/2020;;;;;;;10323.755859375;;;
14/09/2020;70.82120513916016;98.43888092041016;5.145999908447266;5.755000114440918;18.829999923706055;77.60911560058594;10680.837890625;40.801551818847656;9.220000267028809;12932.6904296875
15/09/2020;71.26322174072266;99.02534484863281;5.145999908447266;5.747499942779541;18.790000915527344;78.54371643066406;10796.951171875;40.5290412902832;9.390000343322754;12967.1796875
16/09/2020;71.22393035888672;98.70278930664062;5.145999908447266;5.751500129699707;18.84000015258789;78.9590835571289;10974.9052734375;42.17350769042969;9.600000381469727;12997.8603515625
17/09/2020;71.18463897705078;98.10655212402344;5.145999908447266;5.752999782562256;18.729999542236328;77.4203109741211;10948.990234375;42.21109390258789;9.710000038146973;12948.4501953125
18/09/2020;71.1355209350586;97.26594543457031;5.145999908447266;5.747000217437744;18.75;75.6738510131836;10944.5859375;41.81642150878906;9.65999984741211;12833.5703125
19/09/2020;;;;;;;11094.3466796875;;;
20/09/2020;;;;;;;10938.271484375;;;
21/09/2020;69.8487548828125;95.64337921142578;5.145999908447266;5.761000156402588;18.3700008392334;73.39873504638672;10462.259765625;40.42567825317383;9.420000076293945;12833.5703125
22/09/2020;69.64248657226562;96.28849792480469;5.145999908447266;5.752500057220459;18.299999237060547;74.27666473388672;10538.4599609375;40.021602630615234;9.40999984741211;12602.5400390625
23/09/2020;69.0531234741211;94.37269592285156;5.145999908447266;5.749000072479248;17.90999984741211;72.039306640625;10246.1865234375;38.179805755615234;9.460000038146973;12359.16015625
24/09/2020;68.56199645996094;94.58772277832031;5.145999908447266;5.757999897003174;17.969999313354492;72.4263687133789;10760.06640625;38.19860076904297;9.479999542236328;12365.5400390625
25/09/2020;69.46568298339844;95.75090026855469;5.145999908447266;5.76200008392334;17.90999984741211;73.91997528076172;10692.716796875;38.12342071533203;9.460000038146973;12485.3798828125
26/09/2020;;;;;;;10750.7236328125;;;
27/09/2020;;;;;;;10775.26953125;;;
28/09/2020;69.96662902832031;97.2952651977539;5.14900016784668;5.760000228881836;18.100000381469727;75.43263244628906;10709.65234375;39.06311798095703;9.520000457763672;12677.5400390625
29/09/2020;69.9076919555664;96.97270202636719;5.14900016784668;5.766499996185303;18.25;74.89037322998047;10844.640625;38.08583450317383;9.289999961853027;12602.6396484375
30/09/2020;70.5461654663086;97.27571105957031;5.14900016784668;5.747499942779541;18.149999618530273;75.11868286132812;10784.4912109375;37.87910461425781;9.430000305175781;12701.8896484375
01/10/2020;70.33988952636719;97.87196350097656;5.14900016784668;5.747000217437744;18.309999465942383;76.621826171875;10619.4521484375;36.779659271240234;9.270000457763672;12726.83984375
02/10/2020;69.81929779052734;97.1584243774414;5.14900016784668;5.745500087738037;18.290000915527344;77.9442138671875;10575.974609375;37.211917877197266;8.960000038146973;12749.7900390625
03/10/2020;;;;;;;10549.3291015625;;;
04/10/2020;;;;;;;10669.5830078125;;;
05/10/2020;70.96853637695312;98.89828491210938;5.1479997634887695;5.7220001220703125;18.3799991607666;78.39134216308594;10793.33984375;38.32075119018555;9.329999923706055;12949.650390625
06/10/2020;70.04521179199219;97.71556091308594;5.1479997634887695;5.712500095367432;18.15999984741211;77.87760925292969;10604.40625;37.681766510009766;9.460000038146973;12837.8798828125
07/10/2020;70.83101654052734;99.07422637939453;5.1479997634887695;5.712500095367432;18.139999389648438;77.99177551269531;10668.96875;38.283172607421875;9.430000305175781;13042.330078125
08/10/2020;71.37126922607422;99.80731201171875;5.1479997634887695;5.7154998779296875;18.209999084472656;79.29512786865234;10915.685546875;39.80547332763672;9.550000190734863;13190.580078125
09/10/2020;72.06867218017578;100.5794906616211;5.1479997634887695;5.716000080108643;18.540000915527344;78.9811782836914;11064.4580078125;39.166481018066406;9.460000038146973;13252.6201171875
10/10/2020;;;;;;;11296.361328125;;;
11/10/2020;;;;;;;11384.181640625;;;
12/10/2020;72.56961822509766;101.85017395019531;5.1479997634887695;5.714000225067139;18.5;79.35220336914062;11555.36328125;39.32623291015625;;13324.8701171875
13/10/2020;71.93115997314453;101.23438262939453;5.1479997634887695;5.728499889373779;18.209999084472656;77.99177551269531;11425.8994140625;38.69663619995117;9.40999984741211;13211.9501953125
14/10/2020;71.47931671142578;100.60881805419922;5.1479997634887695;5.735499858856201;18.25;77.04042053222656;11429.5068359375;38.82819366455078;9.5;13143.16015625
15/10/2020;70.61492156982422;100.18852233886719;5.1479997634887695;5.737500190734863;18.329999923706055;77.43999481201172;11495.349609375;39.34502410888672;9.470000267028809;13137.25
16/10/2020;71.2828598022461;100.30581665039062;5.1479997634887695;5.7245001792907715;18.25;76.8882064819336;11322.123046875;38.433528900146484;9.460000038146973;13169.3203125
17/10/2020;;;;;;;11358.1015625;;;
18/10/2020;;;;;;;11483.359375;;;
19/10/2020;70.35953521728516;99.10354614257812;5.1479997634887695;5.7144999504089355;18.270000457763672;75.68949890136719;11742.037109375;37.6629753112793;9.449999809265137;13018.509765625
20/10/2020;70.4381103515625;99.55316925048828;5.1479997634887695;5.710000038146973;18.360000610351562;76.23176574707031;11916.3349609375;38.170406341552734;9.520000457763672;13092.16015625
21/10/2020;69.98628234863281;99.15241241455078;5.146999835968018;5.699999809265137;18.510000228881836;76.0034408569336;12823.689453125;37.40925216674805;9.25;13040.1298828125
22/10/2020;70.68368530273438;99.55316925048828;5.146999835968018;5.684500217437744;18.31999969482422;75.99394226074219;12965.8916015625;38.969146728515625;9.369999885559082;13145.919921875
23/10/2020;70.90959930419922;100.03211212158203;5.146999835968018;5.682499885559082;18.309999465942383;76.4505844116211;12931.5390625;38.80940246582031;9.1899995803833;13199.8603515625
24/10/2020;;;;;;;13108.0625;;;
25/10/2020;;;;;;;13031.173828125;;;
26/10/2020;70.24166870117188;98.19451904296875;5.146999835968018;5.703000068664551;18.299999237060547;75.35652160644531;13075.248046875;37.41864776611328;9.0;12936.3896484375
27/10/2020;69.77017211914062;97.7057876586914;5.14900016784668;5.71150016784668;18.350000381469727;74.14830780029297;13654.21875;36.89242172241211;9.180000305175781;12817.8701171875
28/10/2020;67.73689270019531;94.50953674316406;5.14900016784668;5.714000225067139;18.040000915527344;72.3788070678711;13271.28515625;35.31373977661133;8.819999694824219;12415.419921875
29/10/2020;67.37344360351562;95.32081604003906;5.14900016784668;5.696000099182129;17.979999542236328;73.34917449951172;13437.8828125;36.38499069213867;8.630000114440918;12502.2900390625
30/10/2020;67.03948211669922;94.3531494140625;5.14900016784668;5.676000118255615;18.049999237060547;72.86398315429688;13546.5224609375;36.56352615356445;8.59000015258789;12429.330078125
31/10/2020;;;;;;;13780.9951171875;;;
01/11/2020;;;;;;;13737.109375;;;
02/11/2020;68.14942932128906;95.4576644897461;5.14900016784668;5.684999942779541;18.219999313354492;74.60496520996094;13550.4892578125;37.7287483215332;8.930000305175781;12662.169921875
03/11/2020;69.36744689941406;97.50053405761719;5.14900016784668;5.66349983215332;18.329999923706055;76.04150390625;13950.30078125;37.550209045410156;8.989999771118164;12877.4501953125
04/11/2020;72.4321060180664;99.33812713623047;5.14900016784668;5.713500022888184;18.309999465942383;76.17469024658203;14133.70703125;37.493831634521484;9.199999809265137;12978.9501953125
05/11/2020;73.01164245605469;101.43965148925781;5.146999835968018;5.707499980926514;18.739999771118164;76.53620147705078;15579.8486328125;37.58779525756836;9.119999885559082;13199.1201171875
06/11/2020;72.84465789794922;101.57649230957031;5.184000015258789;5.690999984741211;18.760000228881836;76.0129623413086;15565.880859375;36.7890625;8.890000343322754;13218.669921875
07/11/2020;;;;;;;14833.75390625;;;
08/11/2020;;;;;;;15479.5673828125;;;
09/11/2020;73.39473724365234;103.11109161376953;5.146999835968018;5.639999866485596;17.950000762939453;78.70529174804688;15332.3154296875;41.985572814941406;9.319999694824219;13611.650390625
10/11/2020;73.4241943359375;103.3456802368164;5.146999835968018;5.64300012588501;18.0;79.85641479492188;15290.90234375;43.197776794433594;9.489999771118164;13707.990234375
11/11/2020;73.6501235961914;104.06898498535156;5.150000095367432;5.635499954223633;17.93000030517578;80.16085815429688;15701.33984375;42.94405746459961;9.569999694824219;13724.7802734375
12/11/2020;73.28667449951172;102.99378967285156;5.14900016784668;5.629499912261963;18.020000457763672;79.11436462402344;16276.34375;41.46874237060547;9.430000305175781;13551.4697265625
13/11/2020;74.2689437866211;104.27424621582031;5.146999835968018;5.635000228881836;18.15999984741211;81.22635650634766;16317.80859375;43.01923370361328;9.289999961853027;13761.3203125
14/11/2020;;;;;;;16068.138671875;;;
15/11/2020;;;;;;;15955.587890625;;;
16/11/2020;74.07249450683594;105.49606323242188;5.146999835968018;5.629499912261963;18.139999389648438;82.13966369628906;16716.111328125;45.763145446777344;9.449999809265137;13982.1904296875
17/11/2020;73.5125961303711;105.21259307861328;5.146999835968018;5.641499996185303;18.079999923706055;82.21576690673828;17645.40625;46.28936767578125;9.470000267028809;13949.099609375
18/11/2020;72.44194030761719;104.3133544921875;5.146999835968018;5.640999794006348;17.989999771118164;80.61750030517578;17804.005859375;45.020782470703125;9.579999923706055;13808.650390625
19/11/2020;72.44194030761719;104.94869995117188;5.146999835968018;5.647500038146973;17.940000534057617;80.93144226074219;17817.08984375;45.79133224487305;9.5;13863.23046875
20/11/2020;72.48123168945312;104.64567565917969;5.146999835968018;5.651500225067139;18.010000228881836;80.49382781982422;18621.314453125;45.509422302246094;9.520000457763672;13827.0
21/11/2020;;;;;;;18642.232421875;;;
22/11/2020;;;;;;;18370.001953125;;;
23/11/2020;72.19636535644531;105.03665924072266;5.146999835968018;5.644000053405762;17.65999984741211;80.64604187011719;18364.12109375;48.77016830444336;9.5600004196167;13998.240234375
24/11/2020;72.42229461669922;106.69833374023438;5.146999835968018;5.637499809265137;17.3700008392334;81.07414245605469;19107.46484375;51.24156188964844;9.850000381469727;14249.5
25/11/2020;72.225830078125;106.61035919189453;5.146999835968018;5.644999980926514;17.360000610351562;81.12171936035156;18732.12109375;50.132720947265625;10.020000457763672;14191.580078125
26/11/2020;;;5.146999835968018;5.648499965667725;;;17150.623046875;;9.890000343322754;
27/11/2020;73.06076049804688;107.08929443359375;5.146999835968018;5.6504998207092285;17.18000030517578;80.76020050048828;17108.40234375;49.559513092041016;9.890000343322754;14198.5
28/11/2020;;;;;;;17717.4140625;;;
29/11/2020;;;;;;;18177.484375;;;
30/11/2020;72.99199676513672;106.48328399658203;5.146999835968018;5.6519999504089355;17.079999923706055;79.91350555419922;19625.8359375;46.81559753417969;9.880000114440918;14006.4599609375
01/12/2020;73.6304702758789;107.63668060302734;5.146999835968018;5.620999813079834;17.450000762939453;80.94097137451172;18802.998046875;47.088111877441406;9.789999961853027;14146.6396484375
02/12/2020;73.99391174316406;107.74420166015625;5.146999835968018;5.609499931335449;17.579999923706055;80.3035659790039;19201.091796875;48.54463577270508;9.949999809265137;14188.240234375
03/12/2020;73.72869873046875;107.83216094970703;5.146999835968018;5.61899995803833;17.700000762939453;80.97901916503906;19445.3984375;49.089664459228516;9.800000190734863;14217.1796875
04/12/2020;74.53414916992188;108.9073486328125;5.146999835968018;5.60099983215332;17.65999984741211;82.21576690673828;18699.765625;51.76779556274414;9.979999542236328;14417.330078125
05/12/2020;;;;;;;19154.23046875;;;
06/12/2020;;;;;;;19345.12109375;;;
07/12/2020;74.18053436279297;108.50660705566406;5.146999835968018;5.621500015258789;17.90999984741211;81.50225067138672;19191.630859375;50.527400970458984;9.979999542236328;14354.9697265625
08/12/2020;74.53414916992188;108.85848999023438;5.146999835968018;5.63100004196167;17.979999542236328;81.21685791015625;18321.14453125;51.39191436767578;10.010000228881836;14402.169921875
09/12/2020;74.3868179321289;108.18405151367188;5.146999835968018;5.618500232696533;17.68000030517578;80.71263885498047;18553.916015625;51.504676818847656;10.0;14374.080078125
10/12/2020;74.37699890136719;108.28178405761719;5.1479997634887695;5.623000144958496;17.639999389648438;80.36064147949219;18264.9921875;53.20552444458008;10.180000305175781;14394.33984375
11/12/2020;74.08230590820312;107.9787826538086;5.151000022888184;5.644999980926514;17.68000030517578;80.28453063964844;18058.904296875;52.575931549072266;10.140000343322754;14355.2900390625
12/12/2020;;;;;;;18803.65625;;;
13/12/2020;;;;;;;19142.3828125;;;
14/12/2020;73.42923736572266;107.9728775024414;5.150000095367432;5.638000011444092;17.56999969482422;79.93252563476562;19246.64453125;50.74352264404297;10.1899995803833;14214.9296875
15/12/2020;74.13072967529297;109.14446258544922;5.150000095367432;5.632500171661377;17.829999923706055;81.56884765625;19417.076171875;51.76779556274414;10.289999961853027;14402.3203125
16/12/2020;74.13072967529297;109.40043640136719;5.1479997634887695;5.629499912261963;17.920000076293945;81.66397857666016;21310.59765625;51.542259216308594;10.359999656677246;14408.9404296875
17/12/2020;74.75318145751953;110.24713134765625;5.1479997634887695;5.630499839782715;18.1200008392334;82.45360565185547;22805.162109375;51.29808044433594;10.489999771118164;14516.73046875
18/12/2020;74.84209442138672;109.91239166259766;5.1479997634887695;5.624000072479248;18.09000015258789;80.79827117919922;23137.9609375;50.41444396972656;10.59000015258789;14467.8203125
19/12/2020;;;;;;;23869.83203125;;;
20/12/2020;;;;;;;23477.294921875;;;
21/12/2020;74.05168914794922;109.16414642333984;5.1479997634887695;5.625500202178955;18.030000686645508;80.34159851074219;22803.08203125;49.52131652832031;10.34000015258789;14378.849609375
22/12/2020;73.88372039794922;109.08539581298828;5.1479997634887695;5.627999782562256;17.889999389648438;80.90290832519531;23783.029296875;48.74220275878906;10.210000038146973;14321.33984375
23/12/2020;73.952880859375;109.4102783203125;5.1479997634887695;5.61299991607666;18.010000228881836;80.3796615600586;23241.345703125;49.97738265991211;10.390000343322754;14398.6201171875
24/12/2020;74.07144927978516;109.71548461914062;;5.625999927520752;18.06999969482422;81.08338928222656;23735.94921875;49.55931854248047;10.369999885559082;14382.5
25/12/2020;;;;;;;24664.791015625;;;
26/12/2020;;;;;;;26437.037109375;;;
27/12/2020;;;;;;;26272.294921875;;;
28/12/2020;74.32833099365234;110.36527252197266;5.150000095367432;;18.010000228881836;81.56671905517578;27084.80859375;49.19826889038086;;14405.76953125
29/12/2020;74.87174224853516;110.40465545654297;5.14900016784668;5.627999782562256;18.059999465942383;80.8707275390625;27362.4375;48.91322708129883;10.430000305175781;14397.919921875
30/12/2020;74.9507827758789;110.55233001708984;5.14900016784668;5.625999927520752;18.200000762939453;81.31539154052734;28840.953125;49.720848083496094;10.399999618530273;14477.48046875
31/12/2020;75.53370666503906;110.67048645019531;;5.630000114440918;18.280000686645508;82.098388671875;29001.720703125;49.2742805480957;10.430000305175781;14524.7998046875
01/01/2021;;;;;;;29374.15234375;;;
02/01/2021;;;;;;;32127.267578125;;;
03/01/2021;;;;;;;32782.0234375;;;
04/01/2021;75.43490600585938;109.90254211425781;5.14900016784668;5.631499767303467;18.690000534057617;79.43040466308594;31971.9140625;49.53082275390625;10.270000457763672;14376.7001953125
05/01/2021;75.83010864257812;110.74923706054688;5.14900016784668;5.622499942779541;18.729999542236328;79.54640197753906;33992.4296875;51.85866165161133;10.65999984741211;14536.5302734375
06/01/2021;76.41304016113281;111.41870880126953;5.14900016784668;5.578999996185303;18.450000762939453;79.68173217773438;36824.36328125;53.45489501953125;10.600000381469727;14788.83984375
07/01/2021;77.00585174560547;112.69860076904297;5.14900016784668;5.565999984741211;18.389999389648438;79.52706146240234;39371.04296875;54.35752868652344;10.75;14928.75
08/01/2021;77.53938293457031;113.52558898925781;5.14900016784668;5.549499988555908;17.770000457763672;80.30039978027344;40797.609375;54.18650436401367;10.90999984741211;14966.830078125
09/01/2021;;;;;;;40254.546875;;;
10/01/2021;;;;;;;38356.44140625;;;
11/01/2021;77.70734405517578;112.48200225830078;5.14900016784668;5.544000148773193;17.739999771118164;79.23706817626953;35566.65625;55.04163360595703;10.960000038146973;14937.9599609375
12/01/2021;77.11453247070312;112.79705047607422;5.14900016784668;5.526000022888184;17.84000015258789;79.42074584960938;33922.9609375;57.065433502197266;11.140000343322754;15010.2900390625
13/01/2021;77.24297332763672;112.9742660522461;5.14900016784668;5.554999828338623;17.760000228881836;80.38739776611328;37316.359375;56.55236053466797;11.170000076293945;14983.6103515625
14/01/2021;77.3318862915039;112.88566589355469;5.14900016784668;5.5625;17.75;80.8610610961914;39187.328125;58.338623046875;11.25;15044.3798828125
15/01/2021;77.38129425048828;111.79283142089844;5.14900016784668;5.561500072479248;17.549999237060547;81.78905487060547;36825.3671875;56.096290588378906;11.0;14894.169921875
16/01/2021;;;;;;;36178.140625;;;
17/01/2021;;;;;;;35791.27734375;;;
18/01/2021;;;5.14900016784668;5.560999870300293;;;36630.07421875;;10.899999618530273;
19/01/2021;78.12230682373047;112.69860076904297;5.14900016784668;5.5625;17.68000030517578;81.55705261230469;36069.8046875;57.169944763183594;11.079999923706055;14987.33984375
20/01/2021;78.44835662841797;114.02770233154297;5.14900016784668;5.561500072479248;17.979999542236328;83.1133804321289;35547.75;57.26496124267578;11.039999961853027;15097.2802734375
21/01/2021;78.19146728515625;114.00801849365234;5.14900016784668;5.5625;17.969999313354492;82.71704864501953;30825.69921875;55.29816818237305;11.100000381469727;15019.0498046875
22/01/2021;78.05313873291016;113.56497192382812;5.14900016784668;5.565999984741211;17.829999923706055;82.9103775024414;33005.76171875;55.11764144897461;10.930000305175781;14951.83984375
23/01/2021;;;;;;;32067.642578125;;;
24/01/2021;;;;;;;32289.37890625;;;
25/01/2021;78.66571807861328;113.83080291748047;5.1479997634887695;5.585999965667725;17.84000015258789;83.53871154785156;32366.392578125;54.60456848144531;11.0;14935.2900390625
26/01/2021;78.40882873535156;113.67327880859375;5.1479997634887695;5.585999965667725;17.799999237060547;84.12837982177734;32569.849609375;53.445396423339844;10.949999809265137;14867.3701171875
27/01/2021;76.04747772216797;110.9461441040039;5.1479997634887695;5.599999904632568;17.690000534057617;82.63970947265625;30432.546875;52.84680938720703;10.960000038146973;14487.73046875
28/01/2021;76.8280029296875;111.71407318115234;5.1479997634887695;5.579999923706055;17.709999084472656;83.0843734741211;33466.09765625;53.37888717651367;10.949999809265137;14669.51953125
29/01/2021;75.9091567993164;109.76470947265625;5.1479997634887695;5.572999954223633;17.700000762939453;82.12738800048828;34316.38671875;51.71614074707031;10.880000114440918;14397.2001953125
30/01/2021;;;;;;;34269.5234375;;;
31/01/2021;;;;;;;33114.359375;;;
01/02/2021;76.3438720703125;111.41870880126953;5.1479997634887695;5.578499794006348;17.850000381469727;84.00270080566406;33537.17578125;52.257720947265625;11.109999656677246;14596.1796875
02/02/2021;76.50196838378906;112.82658386230469;5.1479997634887695;5.564000129699707;17.649999618530273;84.50535583496094;35510.2890625;52.82780838012695;11.289999961853027;14768.580078125
03/02/2021;76.09687042236328;112.9742660522461;5.1479997634887695;5.556000232696533;17.6200008392334;84.29269409179688;37472.08984375;55.04163360595703;11.479999542236328;14839.0595703125
04/02/2021;76.27471923828125;113.95878601074219;5.1479997634887695;5.547999858856201;17.239999771118164;84.87269592285156;36926.06640625;55.592708587646484;11.529999732971191;14975.4296875
05/02/2021;76.44268798828125;114.40181732177734;5.1479997634887695;5.543000221252441;17.40999984741211;85.17236328125;38144.30859375;56.172298431396484;11.640000343322754;15069.599609375
06/02/2021;;;;;;;39266.01171875;;;
07/02/2021;;;;;;;38903.44140625;;;
08/02/2021;76.57112121582031;115.29774475097656;5.1479997634887695;5.54449987411499;17.579999923706055;85.6363525390625;46196.46484375;58.53815460205078;11.850000381469727;15226.6103515625
09/02/2021;76.89717102050781;115.61279296875;5.1479997634887695;5.55049991607666;17.6299991607666;85.93602752685547;46481.10546875;57.949058532714844;11.920000076293945;15244.400390625
10/02/2021;76.84776306152344;115.4946517944336;5.1479997634887695;5.551000118255615;17.700000762939453;86.40001678466797;44918.18359375;59.013214111328125;11.9399995803833;15273.900390625
11/02/2021;77.05524444580078;115.88845825195312;5.1479997634887695;5.554999828338623;17.540000915527344;86.58367919921875;47909.33203125;58.148590087890625;11.869999885559082;15297.08984375
12/02/2021;77.62830352783203;116.44963836669922;5.1479997634887695;5.544000148773193;17.5;86.60301971435547;47504.8515625;59.07972717285156;12.100000381469727;15369.599609375
13/02/2021;;;;;;;47105.515625;;;
14/02/2021;;;;;;;48717.2890625;;;
15/02/2021;;;5.1479997634887695;5.517000198364258;;;47945.05859375;;;
16/02/2021;77.07501220703125;116.72530364990234;5.1479997634887695;5.499499797821045;17.239999771118164;85.93602752685547;49199.87109375;60.59994888305664;12.25;15423.01953125
17/02/2021;76.98609161376953;116.52839660644531;5.1479997634887695;5.502999782562256;17.049999237060547;85.8296890258789;52149.0078125;61.40756607055664;12.319999694824219;15402.58984375
18/02/2021;76.52172088623047;115.9179916381836;5.1479997634887695;5.497499942779541;17.059999465942383;85.46235656738281;51679.796875;59.77333068847656;12.180000305175781;15290.6396484375
19/02/2021;75.83010864257812;115.9179916381836;5.1479997634887695;5.480999946594238;17.1299991607666;85.95535278320312;55888.1328125;60.827980041503906;12.050000190734863;15362.6904296875
20/02/2021;;;;;;;56099.51953125;;;
21/02/2021;;;;;;;57539.9453125;;;
22/02/2021;75.42501831054688;115.159912109375;5.1479997634887695;5.47599983215332;17.3799991607666;86.67068481445312;54207.3203125;62.73776626586914;12.489999771118164;15340.4697265625
23/02/2021;75.06934356689453;115.15006256103516;5.1479997634887695;5.4745001792907715;17.350000381469727;87.2120132446289;48824.42578125;63.735416412353516;12.649999618530273;15359.1298828125
24/02/2021;75.42501831054688;116.065673828125;5.1479997634887695;5.4629998207092285;17.31999969482422;87.8790054321289;49705.33203125;66.1202621459961;12.890000343322754;15539.419921875
25/02/2021;74.61485290527344;113.59451293945312;5.1479997634887695;5.426000118255615;17.010000228881836;86.19701385498047;47093.8515625;64.79957580566406;12.84000015258789;15206.669921875
26/02/2021;73.67623901367188;112.5016860961914;5.1479997634887695;5.396999835968018;16.600000381469727;84.94035339355469;46339.76171875;63.326866149902344;12.510000228881836;15010.4697265625
27/02/2021;;;;;;;46188.453125;;;
28/02/2021;;;;;;;45137.76953125;;;
01/03/2021;74.7235336303711;115.07129669189453;5.150000095367432;5.430500030517578;16.549999237060547;85.31735229492188;49631.2421875;65.0941162109375;12.319999694824219;15327.76953125
02/03/2021;74.64450073242188;114.62826538085938;5.150000095367432;5.439000129699707;16.639999389648438;84.4957046508789;48378.98828125;64.65705871582031;12.279999732971191;15277.01953125
03/03/2021;73.62683868408203;113.04318237304688;5.150000095367432;5.413000106811523;16.479999542236328;84.01237487792969;50538.2421875;65.59769439697266;12.5;15199.1904296875
04/03/2021;72.5499038696289;111.68453979492188;5.150000095367432;5.414999961853027;16.309999465942383;83.05537414550781;48561.16796875;67.31744384765625;13.0;14959.41015625
05/03/2021;73.68612670898438;113.2696304321289;5.150000095367432;5.375999927520752;16.309999465942383;83.96404266357422;48927.3046875;69.78780364990234;13.369999885559082;15251.830078125
06/03/2021;;;;;;;48912.3828125;;;
07/03/2021;;;;;;;51206.69140625;;;
08/03/2021;73.34031677246094;112.70845031738281;5.150000095367432;5.361999988555908;16.149999618530273;84.68903350830078;52246.5234375;69.90182495117188;13.15999984741211;15288.3798828125
09/03/2021;74.10108947753906;114.46089935302734;5.150000095367432;5.379000186920166;16.489999771118164;85.24969482421875;54824.1171875;68.46710968017578;13.100000381469727;15375.6298828125
10/03/2021;74.41725158691406;115.11067962646484;5.150000095367432;5.387499809265137;16.56999969482422;86.10034942626953;56008.55078125;70.53840637207031;13.229999542236328;15521.83984375
11/03/2021;74.79269409179688;116.18382263183594;5.150000095367432;5.39300012588501;16.549999237060547;87.10567474365234;57805.12109375;70.70944213867188;13.4399995803833;15648.0
12/03/2021;74.81246185302734;116.28226470947266;5.150000095367432;5.353000164031982;16.549999237060547;88.56533813476562;57332.08984375;70.7569580078125;13.40999984741211;15715.2099609375
13/03/2021;;;;;;;61243.0859375;;;
14/03/2021;;;;;;;59302.31640625;;;
15/03/2021;75.29658508300781;116.79421997070312;5.150000095367432;5.364500045776367;16.6299991607666;89.87999725341797;55907.19921875;70.04434204101562;13.390000343322754;15775.5
16/03/2021;75.45467376708984;116.95175170898438;5.150000095367432;5.361999988555908;16.639999389648438;89.51264953613281;56804.90234375;68.0490493774414;13.34000015258789;15669.2998046875
17/03/2021;75.28669738769531;117.36524200439453;5.150000095367432;5.335999965667725;16.760000228881836;89.5899887084961;58870.89453125;68.60963439941406;13.279999732971191;15731.150390625
18/03/2021;75.02982330322266;115.7309341430664;5.150000095367432;5.314000129699707;16.68000030517578;88.68134307861328;57858.921875;65.26513671875;12.289999961853027;15589.08984375
19/03/2021;75.30646514892578;115.77030944824219;5.150000095367432;5.322000026702881;16.75;87.47301483154297;58346.65234375;65.56919860839844;12.65999984741211;15562.259765625
20/03/2021;;;;;;;58313.64453125;;;
21/03/2021;;;;;;;57523.421875;;;
22/03/2021;75.96842956542969;116.27242279052734;5.150000095367432;5.331999778747559;16.700000762939453;88.0916748046875;54529.14453125;64.78057098388672;12.75;15551.5595703125
23/03/2021;75.02982330322266;115.189453125;5.150000095367432;5.3470001220703125;16.59000015258789;87.96600341796875;54738.9453125;63.488380432128906;12.149999618530273;15346.5302734375
24/03/2021;74.83221435546875;114.5593490600586;5.150000095367432;5.3520002365112305;16.649999618530273;87.47301483154297;52774.265625;65.04661560058594;12.729999542236328;15276.5595703125
25/03/2021;75.2669448852539;115.21898651123047;5.150000095367432;5.367000102996826;16.59000015258789;88.3636474609375;51704.16015625;65.3126449584961;12.260000228881836;15410.3701171875
26/03/2021;76.49208068847656;116.66622924804688;5.150000095367432;5.348499774932861;16.6299991607666;90.26937866210938;55137.3125;67.14384460449219;12.729999542236328;15682.5400390625
27/03/2021;;;;;;;55973.51171875;;;
28/03/2021;;;;;;;55950.74609375;;;
